-- phpMyAdmin SQL Dump
-- version 4.8.5
-- https://www.phpmyadmin.net/
--
-- Servidor: 127.0.0.1
-- Tiempo de generación: 15-04-2019 a las 03:50:37
-- Versión del servidor: 10.1.38-MariaDB
-- Versión de PHP: 7.3.2

SET SQL_MODE = "NO_AUTO_VALUE_ON_ZERO";
SET AUTOCOMMIT = 0;
START TRANSACTION;
SET time_zone = "+00:00";


/*!40101 SET @OLD_CHARACTER_SET_CLIENT=@@CHARACTER_SET_CLIENT */;
/*!40101 SET @OLD_CHARACTER_SET_RESULTS=@@CHARACTER_SET_RESULTS */;
/*!40101 SET @OLD_COLLATION_CONNECTION=@@COLLATION_CONNECTION */;
/*!40101 SET NAMES utf8mb4 */;

--
-- Base de datos: `jornadas`
--

-- --------------------------------------------------------

--
-- Estructura de tabla para la tabla `asistencia`
--

CREATE TABLE `asistencia` (
  `idestudiante` varchar(15) NOT NULL,
  `fecha` datetime NOT NULL DEFAULT CURRENT_TIMESTAMP,
  `dia` varchar(55) NOT NULL
) ENGINE=InnoDB DEFAULT CHARSET=latin1;

-- --------------------------------------------------------

--
-- Estructura de tabla para la tabla `dia`
--

CREATE TABLE `dia` (
  `iddia` int(11) NOT NULL,
  `nombre` varchar(55) NOT NULL,
  `dia` varchar(50) NOT NULL
) ENGINE=InnoDB DEFAULT CHARSET=latin1;

--
-- Volcado de datos para la tabla `dia`
--

INSERT INTO `dia` (`iddia`, `nombre`, `dia`) VALUES
(1, 'LUNES-TARDE', ''),
(2, 'MARTES-MAÑANA', ''),
(3, 'MARTES-TARDE', ''),
(4, 'MIERCOLES-MAÑANA', ''),
(10, 'MIERCOLES-TARDE', ''),
(11, 'JUEVES-MAÑANA', ''),
(12, 'JUEVES-TARDE', ''),
(13, 'VIERNES-MAÑANA', ''),
(14, 'VIERNES-TARDE', '');

-- --------------------------------------------------------

--
-- Estructura de tabla para la tabla `estudiante`
--

CREATE TABLE `estudiante` (
  `ciestudiante` varchar(15) NOT NULL,
  `nombre` varchar(100) NOT NULL,
  `celular` varchar(25) NOT NULL,
  `correo` varchar(100) NOT NULL,
  `codigo` varchar(35) NOT NULL,
  `carrera` varchar(55) NOT NULL,
  `sede` varchar(35) NOT NULL
) ENGINE=InnoDB DEFAULT CHARSET=latin1;

--
-- Volcado de datos para la tabla `estudiante`
--

INSERT INTO `estudiante` (`ciestudiante`, `nombre`, `celular`, `correo`, `codigo`, `carrera`, `sede`) VALUES
('10007827', 'CONDORI MITA EFREN DIEGO', '', '', 'A', 'INGENIERIA DE SISTEMAS', 'UTO-ORURO'),
('1010', 'NELLY ZURITA JUANIQUINA', '69603027', 'miguel.reynolds@gmail.com', 'Estudiante', 'INGENIERIA INFORMATICA', 'UTO-ORURO'),
('10423797', 'CRUZ VILLALTA ROLY', '68638405', '', 'B', 'INGENIERIA DE SISTEMAS', 'UTO-ORURO'),
('10467091', 'CRUZ MAMANI EUDOSIA', '', '', 'A', 'INGENIERIA INFORMATICA', 'UTO-ORURO'),
('10467112', 'ARIAS CHOQUE JORGE MIGUEL', '71186736', '', 'A', 'INGENIERIA DE SISTEMAS', 'UTO-ORURO'),
('10468645', 'DIEGO CHOQUETICLLA MERY CORAYMA', '63663499', '', 'A', 'INGENIERIA DE SISTEMAS', 'UTO-ORURO'),
('10500417', 'DURAN TOLEDO HENRY GREGORY', '72358966', '', 'A', 'INGENIERIA DE SISTEMAS', 'UTO-ORURO'),
('10527773', 'CANAVIRI GUTIERREZ GUALBERTO', '75407498', '', 'A', 'INGENIERIA INFORMATICA', 'UTO-ORURO'),
('10528610', 'MAMANI BLAS VICTOR FERNANDO', '', '', 'A', 'INGENIERIA DE SISTEMAS', 'UTO-ORURO'),
('10529396', 'GARCIA ARCIBIA JHONNY', '69581252', '', 'B', 'INGENIERIA DE SISTEMAS', 'UTO-ORURO'),
('10533740', 'SIACARA PEREZ SAUL ELMER', '75400769', '', 'A', 'INGENIERIA DE SISTEMAS', 'UTO-ORURO'),
('10540988', 'BELEN LOPEZ JURGEN RENE', '', '', 'A', 'INGENIERIA INFORMATICA', 'UTO-ORURO'),
('10541027', 'MARTINEZ MAMANI KEMPER LOGAN', '', '', 'A', 'INGENIERIA DE SISTEMAS', 'UTO-ORURO'),
('10546328', 'HUAYLLA LLUSCO ERIC', '67952678', '', 'A', 'INGENIERIA DE SISTEMAS', 'UTO-ORURO'),
('10547964', 'VILLALTA HUALLPA ROSA MARIA', '', '', 'A', 'INGENIERIA DE SISTEMAS', 'UTO-ORURO'),
('10549380', 'PATON POQUECHOQUE FABRICIO', '', '', 'A', 'INGENIERIA DE SISTEMAS', 'UTO-ORURO'),
('10559843', 'FLORES MAMANI HENRY ELOY', '68355962', '', 'A', 'INGENIERIA INFORMATICA', 'UTO-ORURO'),
('10565834', 'MAMANI CALANI JOSE', '', '', 'A', 'INGENIERIA INFORMATICA', 'UTO-ORURO'),
('10565970', 'RAMOS CALIZAYA EDWIN NOE', '741511423', '', 'A', 'INGENIERIA DE SISTEMAS', 'UTO-ORURO'),
('10577941', 'MAMANI GONZALES MARCO ANTONIO', '68396130', '', 'A', 'INGENIERIA DE SISTEMAS', 'UTO-ORURO'),
('10915224', 'CHARCA ORTUÑO JHONATAN', '67156258', '', 'A', 'INGENIERIA INFORMATICA', 'UTO-ORURO'),
('1115447', 'ING. MIGUEL ANGEL REYNOLDS SALINAS', '71843757', '', 'D', 'INGENIERIA DE SISTEMAS', 'UTO - ORURO'),
('11544905', 'CHINO QUISPE JORGE LUIS', '', '', 'A', 'INGENIERIA DE SISTEMAS', 'UTO-ORURO'),
('116972476', 'FERRO GIRALDO JULIAN', '', '', 'A', 'INGENIERIA DE SISTEMAS', 'UTO-ORURO'),
('116972477', 'JARA MERMA AMILCAR', '', '', 'A', 'INGENIERIA DE SISTEMAS', 'UTO-ORURO'),
('12345717', 'CARDENAS MERCADO SAUL CRISTIAN', '', '', 'A', 'INGENIERIA INFORMATICA', 'UTO-ORURO'),
('12346802', 'ESCARAY ERAZO RUTH KAREN', '71834311', '', 'A', 'INGENIERIA INFORMATICA', 'UTO-ORURO'),
('12364504', 'GONZALES QUISPE OSMAR FREDDY', '71966837', '', 'A', 'INGENIERIA INFORMATICA', 'UTO-ORURO'),
('12364926', 'ANDIA YUBANURE ESTEFANI', '', '', 'A', 'INGENIERIA DE SISTEMAS', 'UTO-ORURO'),
('12369756', 'RODRIGUEZ PEREZ LEO ELIAN', '76152888', '', 'A', 'INGENIERIA DE SISTEMAS', 'UTO-ORURO'),
('12398654', 'CHOQUETOPA MARCA NAYRA PILAR', '72486427', '', 'A', 'INGENIERIA INFORMATICA', 'UTO-ORURO'),
('12398904', 'HUIZA EVA ALEJANDRA', '', '', 'A', 'INGENIERIA DE SISTEMAS', 'UTO-ORURO'),
('12399019', 'CAYO QUELCA GUALBERTO', '78611473', '', 'A', 'INGENIERIA DE SISTEMAS', 'UTO-ORURO'),
('12399113', 'HINOJOSA OCSA IVETT JHOSELYN', '', '', 'A', 'INGENIERIA DE SISTEMAS', 'UTO-ORURO'),
('12399703', 'CHOQUE SIPE WILLIAM YUGAR', '', '', 'A', 'INGENIERIA DE SISTEMAS', 'UTO-ORURO'),
('12428533', 'AROJA ARROYO MARIA EUGENIA', '60402984', '', '', 'INGENIERIA ELECTRONICA', 'UTO-ORURO'),
('12459185', 'TANGARA MARCE MARTHA', '65410114', '', 'A', 'INGENIERIA INFORMATICA', 'UTO-ORURO'),
('12465218', 'CHOQUE AGUILAR CRISTIAN', '74465804', '', 'A', 'INGENIERIA DE SISTEMAS', 'UTO-ORURO'),
('12481497', 'HINOJOSA MACHACA DANIEL GUSTAVO', '', '', 'A', 'INGENIERIA DE SISTEMAS', 'UTO-ORURO'),
('12489488', 'DE LA CRUZ HUAYLLANI VANESSA', '69585758', '', 'B', 'INGENIERIA DE SISTEMAS', 'UTO-ORURO'),
('12489707', 'CHOQUETOPA GONZALES LUIS', '74110903', '', '', 'INGENIERIA DE SISTEMAS', 'UTO-ORURO'),
('12489932', 'AGUILAR CHACA LIMBER', '', '', 'B', 'INGENIERIA DE SISTEMAS', 'UTO-ORURO'),
('12547254', 'CRUZ VILLALTA ABEL DAVID', '', '', 'B', 'INGENIERIA DE SISTEMAS', 'UTO-ORURO'),
('12549326', 'CHOQUE ZUBIETA EVER JOSE', '', '', 'A', 'INGENIERIA DE SISTEMAS', 'UTO-ORURO'),
('12549352', 'ATORA MUÑOZ PAOLA JAZMIN', '72460534', '', 'A', 'INGENIERIA DE SISTEMAS', 'UTO-ORURO'),
('12549959', 'CHINCHE AGUILAR ISMAEL ENRIQUE', '61830648', '', 'A', 'INGENIERIA DE SISTEMAS', 'UTO-ORURO'),
('12581830', 'URQUIZO BUTRON VICTOR ABEL', '79411634', '', 'A', 'INGENIERIA DE SISTEMAS', 'UTO-ORURO'),
('12613097', 'CHUSICOMA ORDOÑEZ ELIZABET', '72483969', '', 'A', 'INGENIERIA DE SISTEMAS', 'UTO-ORURO'),
('12613156', 'HUARACHI CHAVARRIA LUIS MARCELO', '61828733', '', 'A', 'INGENIERIA DE SISTEMAS', 'UTO-ORURO'),
('12614726', 'CALSINA LEON ALEJANDRA', '73841505', '', 'A', 'INGENIERIA DE SISTEMAS', 'UTO-ORURO'),
('12653334', 'HUANCA QUISPE DONOVAN KEVIN', '', '', 'A', 'INGENIERIA INFORMATICA', 'UTO-ORURO'),
('12676751', 'CONDORI SANTOS SIMON ROBERTO', '76144204', '', 'A', 'INGENIERIA INFORMATICA', 'UTO-ORURO'),
('12681981', 'ARANO GUZMAN GADIEL SAULO', '77964387', '', 'A', 'INGENIERIA DE SISTEMAS', 'UTO-ORURO'),
('12709020', 'FERNANDEZ MAMANI MANUEL ALEJANDRO', '79409603', '', 'A', 'INGENIERIA DE SISTEMAS', 'UTO-ORURO'),
('12741935', 'HUARACHI QUISPE FREDDY', '', '', 'A', 'INGENIERIA DE SISTEMAS', 'UTO-ORURO'),
('12772811', 'TAQUICHIRI CALLE CESAR DAVID', '', '', 'A', 'INGENIERIA DE SISTEMAS', 'UTO-ORURO'),
('12773063', 'CRUZ PILLCO FABRICIO', '77142782', '', 'A', 'INGENIERIA DE SISTEMAS', 'UTO-ORURO'),
('12782167', 'ZEGARRUNDO ESCARAY NOEMI YESSICA', '74225385', '', 'A', 'INGENIERIA INFORMATICA', 'UTO-ORURO'),
('12804663', 'RAMOS COLQUE LIMBER EDSON', '65420731', '', 'B', 'INGENIERIA DE SISTEMAS', 'UTO-ORURO'),
('12836912', 'VIRACA CHOQUETICLLA ERICK HANS', '', '', 'A', 'INGENIERIA DE SISTEMAS', 'UTO-ORURO'),
('12837080', 'ACHU GASPAR FREDDY', '65422832', '', 'Egresado', 'INGENIERIA DE SISTEMAS', 'UTO-ORURO'),
('12837205', 'MAMANI NICOLAS BONIFACIO', '', '', 'A', 'INGENIERIA DE SISTEMAS', 'UTO-ORURO'),
('12869274', 'POMA CRUZ ROMEL', '', '', 'A', 'INGENIERIA DE SISTEMAS', 'UTO-ORURO'),
('12901840', 'ROQUE ASPETI IVAN', '', '', 'A', 'INGENIERIA DE SISTEMAS', 'UTO-ORURO'),
('12942051', 'ROMERO RAMOS BRAHYAN NOEL', '', '', 'A', 'INGENIERIA DE SISTEMAS', 'UTO-ORURO'),
('12973660', 'MENDOZA CHAMBI PAMELA', '71475173', '', 'A', 'INGENIERIA DE SISTEMAS', 'UTO-ORURO'),
('12997670', 'VASQUEZ AYMA JOSE ANDRES', '78609749', '', 'A', 'INGENIERIA DE SISTEMAS', 'UTO-ORURO'),
('13023939', 'FERNANDEZ CALLAPA ALEXANDER LINO', '73310418', '', 'AM', 'INGENIERIA INFORMATICA', 'UTO-ORURO'),
('13029544', 'YUCRA BERNAL ALEX', '', '', 'A', 'INGENIERIA DE SISTEMAS', 'UTO-ORURO'),
('13124596', 'TOLA CHOQUE DEYSI', '75415054', '', 'A', 'INGENIERIA DE SISTEMAS', 'UTO-ORURO'),
('13183843', 'FLORES APAZA EDITH ADRIANA', '60410238', '', 'A', 'INGENIERIA DE SISTEMAS', 'UTO-ORURO'),
('13197876', 'CONTRERAS FRANKLIN DANIEL', '', '', 'A', 'INGENIERIA INFORMATICA', 'UTO-ORURO'),
('13221563', 'BERRIOS SANTOS KASSANDRA ZERENDID', '60943217', '', 'A', 'INGENIERIA INFORMATICA', 'UTO-ORURO'),
('13221744', 'QUENA QUISPE ABIGAIL MERY', '67245372', '', 'A', 'INGENIERIA DE SISTEMAS', 'UTO-ORURO'),
('13253382', 'CRUZ QUINAYA JHOSELIN', '72315906', '', 'A', 'INGENIERIA DE SISTEMAS', 'UTO-ORURO'),
('1373807', 'ING. GERARDO ZAMORA ECHENIQUE', '', '', 'D', 'INGENIERIA DE SISTEMAS', 'UTO-ORURO'),
('13983501', 'CADIMA CUENTAS KELLY GUADALUPE', '', '', 'C', 'INGENIERIA DE SISTEMAS', 'UTO-ORURO'),
('14142259', 'TORREZ CAYO MIKAELA BEATRIZ', '', '', 'A', 'INGENIERIA INFORMATICA', 'UTO-ORURO'),
('14142904', 'FLORES LEDEZMA JOSE ALEX', '75406296', 'sn@gmail.com', 'A', 'INGENIERIA DE SISTEMAS', 'UTO-ORURO'),
('14393620', 'ALI CALCINA ANDRES CRISTIAN', '', '', 'A', 'INGENIERIA DE SISTEMAS', 'UTO-ORURO'),
('14425814', 'CHOQUE CONDORI ADAN EMILIO', '', '', 'A', 'INGENIERIA INFORMATICA', 'UTO-ORURO'),
('14461380', 'LOPEZ LIZARRO ALEXANDER', '', '', 'A', 'INGENIERIA DE SISTEMAS', 'UTO-ORURO'),
('14461422', 'CUSSI SUNTURA SANTIAGO EINAR', '73014669', '', 'A', 'INGENIERIA DE SISTEMAS', 'UTO-ORURO'),
('14757229', 'IQUISE PORTILLO ARIEL JORGE', '76170418', '', 'A', 'INGENIERIA DE SISTEMAS', 'UTO-ORURO'),
('2731114', 'ING. FRANZ CHINCHE IMAÑA', '75429366', '', 'D', 'INGENIERIA DE SISTEMAS', 'UTO-ORURO'),
('2736111', 'ING. RENEE JAIME ARRIEN AYALA', '71842542', '', 'D', 'INGENIERIA DE  SISTEMAS', 'UTO-ORURO'),
('2738427', 'ING. DAVID EDGAR MAYTA SARMIENTO', '60404840', '', 'D', 'INGENIERIA DE  SISTEMAS', 'UTO-ORURO'),
('2748813', 'LIC. CARLOS OMAR BERNAL ALTAMIRANO', '', '', 'D', 'INGENIERIA DE SISTEMAS', 'UTO-ORURO'),
('2759464', 'ING. ROLY MARCOS FERNANDEZ GUTIERREZ', '72499374', '', 'D', 'INGENIERIA DE SISTEMAS', 'UTO-ORURO'),
('2762305', 'ING. ALCIDES TERAN VELASQUEZ', '73817021', '', 'D', 'INGENIERIA DE  SISTEMAS', 'UTO-ORURO'),
('2765829', 'LOPEZ CUAQUIRA JORGE', '68338405', '', '', 'TECNICO COTEOR', 'ORURO'),
('2767500', 'ING. EDWIN VILLALOBOS SANDY', '71882696', '', 'D', 'INGENIERIA DE SISTEMAS', 'UTO - HUANUNI - ORURO'),
('3041997', 'ING. NELSON TAPIA HINOJOSA', '', '', 'D', 'INGENIERIA DE SISTEMAS', 'UTO-ORURO'),
('3058227', 'CANAVIRI FLORES PEARZON CLAY', '77657534', '', 'A', 'INGENIERIA DE SISTEMAS', 'UTO-ORURO'),
('3060652', 'ING. ANDY ALEX CESPEDES ROJAS', '72495185', '', 'D', 'INGENIERIA DE SISTEMAS', 'UTO-ORURO'),
('3064080', 'ING. IVAR FERNANDO ZABALETA RIOJA', '70146053', '', 'D', 'INGENIERIA DE SISTEMAS', 'UTO-ORURO'),
('3071068', 'MARTINEZ GABRIEL DEMECIA', '', '', 'A', 'INGENIERIA DE SISTEMAS', 'UTO-ORURO'),
('3081530', 'ING. JULIO CESAR BERMUDEZ VARGAS', '61833532', '', 'D', 'INGENIERIA DE SISTEMAS', 'UTO-ORURO'),
('3094687', 'ING. RICHARD OMAR MIRANDA ALCONCE', '72306474', '', 'D', 'INGENIERIA DE SISTEMAS', 'UTO-ORURO'),
('3098363', 'ING. TEOFILO CESAR MISERICORDIA AYAVIRI', '73809090', '', 'D', 'INGENIERIA DE SISTEMAS', 'UTO-ORURO'),
('3099298', 'ING. EDILBERTO LUCIO SALGADO ARI', '73836506', '', 'D', 'INGENIERIA DE SISTEMAS', 'UTO-ORURO'),
('3099776', 'ING. RAMIRO MARCIAL BERNAL MARTINEZ', '', '', 'D', 'INGENIERIA DE SISTEMAS', 'UTO-ORURO'),
('3107361', 'ING. CARLOS RICARDO BALDERRAMA VASQUEZ', '', '', 'D', 'INGENIERIA DE SISTEMAS', 'UTO-ORURO'),
('3110233', 'ING. JAVIER MILTON CORNEJO RAMOS', '76152771', '', '', 'INGENIERIA DE SISTEMAS', 'UTO-ORURO'),
('3110821', 'ING. SIGRID ORTEGA AZURDUY', '72344848', '', 'D', 'INGENIERIA DE  SISTEMAS', 'UTO-ORURO'),
('3111821', 'ING. YUBITZA ADELA QUINTANILLA GUZMAN', '72326255', '', '', 'INGENIERIA DE SISTEMAS', 'UTO-ORURO'),
('3113272', 'ING. ELIZABETH MEJIA GARCIA', '71180129', '', 'D', 'INGENIERIA DE SISTEMAS', 'UTO - CHALLAPATA - ORURO'),
('3116351', 'CORTEZ COSSIO AMILCAR', '', '', 'A', 'INGENIERIA DE SISTEMAS', 'UTO-ORURO'),
('3117029', 'ING. LENNY JHOVANNA FLORES CACERES', '72484684', '', 'D', 'INGENIERIA DE SISTEMAS', 'UTO-ORURO'),
('3119845', 'ING. RONALD HUANCA CALLE', '68300235', '', 'D', 'INGENIERIA DE SISTEMAS', 'UTO-ORURO'),
('3381806', 'ALVAREZ CARRION RICHARD', '', '', 'A', 'INGENIERIA DE SISTEMAS', 'UTO-ORURO'),
('3395650', 'ING. GREGORIO FERNANDO UREÑA MERIDA', '69572229', '', 'D', 'INGENIERIA DE SISTEMAS', 'UTO-ORURO'),
('3505483', 'ING. MARCIAL AREQUIPA ESTRADA', '70410941', '', 'F', 'INGENIERIA DE SISTEMAS', 'UTO-ORURO'),
('3508294', 'ING. GISELA CHUMACERO TELLEZ', '69583331', '', '', 'INGENIERIA DE SISTEMAS', 'UTO-ORURO'),
('3510870', 'MEDINA ZEBALLOS JUAN CARLOS', '76151444', '', 'A', 'INGENIERIA DE SISTEMAS', 'UTO-ORURO'),
('3513991', 'ING. MONICA JUANA RODRIGUEZ FLORES', '', '', 'D', 'INGENIERIA DE SISTEMAS', 'UTO-ORURO'),
('3515999', 'TARIFA RODRIGUEZ JUAN JOSE', '', '', 'A', 'INGENIERIA DE SISTEMAS', 'UTO-ORURO'),
('3525308', 'ROMERO CASTILLO MARCELINO ARIEL', '', '', 'A', 'INGENIERIA DE SISTEMAS', 'UTO-ORURO'),
('3527640', 'ING. WILFREDO MITA CHOQUE', '73839701', '', 'D', 'INGENIERIA DE SISTEMAS', 'UTO-ORURO'),
('3528103', 'ING. JUAN CARLOS VALLEJOS PANIAGUA', '67200287', '', 'D', 'INGENIERIA DE  SISTEMAS', 'UTO-ORURO'),
('3533298', 'YUCRA FLORES EUDOCIA LEYLA', '73830600', '', 'A', 'INGENIERIA DE SISTEMAS', 'UTO-ORURO'),
('3537636', 'ING. JUAN BARRIOS CORDOVA', '70424976', 'jbarrios.fni@gmail.com', 'D', 'INGENIERIA DE SISTEMAS', 'UTO-ORURO'),
('3539572', 'PEÑAFIEL CORRALES FELIX RODRIGO', '', '', 'A', 'INGENIERIA DE SISTEMAS', 'UTO-ORURO'),
('3550257', 'BALCAZAR CANCHARI IVAN GONZALO', '78619010', '', 'A', 'INGENIERIA DE SISTEMAS', 'UTO-ORURO'),
('3550635', 'ING. BETTY CONDORI LLAVE', '73700060', '', 'D', 'INGENIERIA DE SISTEMAS', 'UTO-ORURO'),
('3554928', 'RIVEROS CONDORI GARY', '72461014', '', 'A', 'INGENIERIA DE SISTEMAS', 'UTO-ORURO'),
('3558375', 'ING. ALVARO ROLANDO BELLOTA CESPEDES', '72450468', '', 'D', 'INGENIERIA DE  SISTEMAS', 'UTO-ORURO'),
('3559180', 'IGNACIO CRUZ RONALD', '', '', 'A', 'INGENIERIA DE SISTEMAS', 'UTO-ORURO'),
('3704064', 'ING. JUAN GREGORIO CHOQUE UÑO', '70434657', 'sn@gmail.com', 'D', 'INGENIERIA DE SISTEMAS', 'UTO-ORURO'),
('3999449', 'FLORES VELASQUEZ MIGUEL ANGEL', '', '', 'A', 'INGENIERIA DE SISTEMAS', 'UTO-ORURO'),
('4019315', 'QUISPE MARTINEZ JUAN VISNEY', '75263870', '', 'A', 'INGENIERIA INFORMATICA', 'UTO-ORURO'),
('4021762', 'ING. GLADYS ROSSEMARY ZAPATA LAYME', '73846758', '', 'D', 'INGENIERIA DE SISTEMAS', 'UTO-ORURO'),
('4034759', 'LLAMPA ANCASI BETTY', '', '', 'A', 'INGENIERIA DE SISTEMAS', 'UTO-ORURO'),
('4036080', 'ING. DENNIS MARTINEZ CROVO', '', '', 'D', 'INGENIERIA DE SISTEMAS', 'UTO-ORURO'),
('4038395', 'ING. ROLY GONZALO GUZMAN CORONEL', '71848310', '', 'D', 'INGENIERIA DE SISTEMAS', 'UTO-ORURO'),
('4039278', 'VELASCO ALVAREZ DANNY ALEJANDRO', '', '', 'A', 'INGENIERIA DE SISTEMAS', 'UTO-ORURO'),
('4040996', 'FREDDY FLORES HUIZA', '71846162', '', '', 'INGENIERIA DE SISTEMAS', 'UTO -ORURO'),
('4041557', 'FRANCO HUARACHI REMBERTO FRANZ', '', '', 'A', 'INGENIERIA INFORMATICA', 'UTO-ORURO'),
('4043973', 'TORREJON ADRIAN JOSE LUIS', '75406077', '123TOREJON@GMAIL.COM', 'A', 'INGENIERIA INFORMATICA', 'UTO-ORURO'),
('4046121', 'INOCENTE MAMANI SERGIO', '65431840', '', '', 'INGENIERIA DE SISTEMAS', 'UTO-ORURO'),
('4048572', 'VIDAL QUIROZ ALEXIS ERLAN', '', '', 'A', 'INGENIERIA INFORMATICA', 'UTO-ORURO'),
('4051610', 'BAUTISTA MUJICA JENNY', '', '', 'A', 'INGENIERIA DE SISTEMAS', 'UTO-ORURO'),
('4051661', 'ING. IVONNE KARINA MENACHO MOLLO', '72311477', '', 'D', 'INGENIERIA DE SISTEMAS', 'UTO-ORURO'),
('4053008', 'ALCAZAR MERCADO JAVIER', '', '', 'A', 'INGENIERIA DE SISTEMAS', 'UTO-ORURO'),
('4054583', 'GUTIERREZ CHOQUE ABEL', '', '', 'A', 'INGENIERIA DE SISTEMAS', 'UTO-ORURO'),
('4054789', 'BORDA POMA ANAHI', '63654208', '', '', 'INGENIERIA DE SISTEMAS E', 'UTO-ORURO'),
('4054989', 'VEIZAGA RODRIGUEZ CARMEN VALERIA', '', '', 'A', 'INGENIERIA INFORMATICA', 'UTO-ORURO'),
('4056883', 'FORONDA ZULETA CARLOS FERNANDO', '', '', 'A', 'INGENIERIA DE SISTEMAS', 'UTO-ORURO'),
('4057355', 'ING. AMPARO DEL CARMEN LAFUENTE AYALA', '60436744', '', 'D', 'INGENIERIA DE SISTEMAS', 'UTO-ORURO'),
('4058025', 'NINA AMESTOY CINTHYA', '', '', 'A', 'INGENIERIA DE SISTEMAS', 'UTO-ORURO'),
('4058075', 'SOTO CRESPO ALVARO MIGUEL', '', '', 'A', 'INGENIERIA DE SISTEMAS', 'UTO-ORURO'),
('4058110', 'TERRAZAS MACIAS JUAN JAVIER', '', '', 'A', 'INGENIERIA DE SISTEMAS', 'UTO-ORURO'),
('4059873', 'PACO BLANCO NAHIR ANDREA', '60419830', '', 'A', 'INGENIERIA DE SISTEMAS', 'UTO-ORURO'),
('4061772', 'COLLARANA CANQUI KEVIN MARCELO', '', '', 'A', 'INGENIERIA INFORMATICA', 'UTO-ORURO'),
('4061817', 'FLORES MUÑOZ ENRIQUE MAX', '', '', 'A', 'INGENIERIA DE SISTEMAS', 'UTO-ORURO'),
('4062251', 'YAVE LOPEZ NOELIA LUZ', '73907186', '', 'A', 'INGENIERIA DE SISTEMAS', 'UTO-ORURO'),
('4063192', 'ALARCON HEREDIA VICTOR RAUL', '', '', 'A', 'INGENIERIA INFORMATICA', 'UTO-ORURO'),
('4063970', 'HINOJOSA NUÑEZ JUAN PITER', '', '', 'A', 'INGENIERIA DE SISTEMAS', 'UTO-ORURO'),
('4064462', 'LERO MARTINEZ JUANA', '78619449', '', 'A', 'INGENIERIA DE SISTEMAS', 'UTO-ORURO'),
('4064675', 'QUIÑONES MONTAÑO OSCAR ALEJANDRO', '', '', 'A', 'INGENIERIA INFORMATICA', 'UTO-ORURO'),
('4065469', 'ING. MARIA ANGELICA ANDRADE ZEBALLOS', '67226648', '', 'D', 'INGENIERIA DE SISTEMAS', 'UTO-ORURO'),
('4065764', 'CHOQUETICLLA MEJIA PATRICIA NINOSKA', '', '', 'A', 'INGENIERIA DE SISTEMAS', 'UTO-ORURO'),
('4067359', 'CONDE PAIVA IVER', '', '', 'A', 'INGENIERIA DE SISTEMAS', 'UTO-ORURO'),
('4069857', 'TICONA HUANCA RUDY OSCAR', '75410822', '', 'A', 'INGENIERIA INFORMATICA', 'UTO-ORURO'),
('4070023', 'HUMEREZ HUMEREZ MOISES', '61828394', '', 'A', 'INGENIERIA DE SISTEMAS', 'UTO-ORURO'),
('4076140', 'RUFINO ARROYO BRAYAN JIMMY', '68305977', '', 'A', 'INGENIERIA DE SISTEMAS', 'UTO-ORURO'),
('4076399', 'AMURRIO SOLIZ RONALD', '', '', 'A', 'INGENIERIA DE SISTEMAS', 'UTO-ORURO'),
('4077473', 'SOLIZ TITO FRANZ WILLIAM', '', '', 'A', 'INGENIERIA DE SISTEMAS', 'UTO-ORURO'),
('4078289', 'CALIZAYA CHAVEZ ANALI MIRIAM', '', '', 'A', 'INGENIERIA DE SISTEMAS', 'UTO-ORURO'),
('4078725', 'QUISPE MAMANI ISABEL', '', '', 'A', 'INGENIERIA DE SISTEMAS', 'UTO-ORURO'),
('4079460', 'BAUTISTA MUJICA JUAN PEDRO', '', '', 'A', 'INGENIERIA INFORMATICA', 'UTO-ORURO'),
('4079598', 'ING. SHERLY ALEIDA RAMIREZ ZARATE', '72479906', '', '', 'INGENIERIA DE SISTEMAS', 'UTO-ORURO'),
('4079949', 'VACA RAMOS VLADIMIR CARLOS', '72303309', '', '', 'INGENIERIA DE SISTEMAS', 'UTO-ORURO'),
('4155961-1M', 'MARZA VEGA DIEGO', '', '', 'A', 'INGENIERIA INFORMATICA', 'UTO-ORURO'),
('4292240', 'CHAMBI CAMATA GROVER', '77777777', '', 'A', 'INGENIERIA DE SISTEMAS', 'UTO-ORURO'),
('46128730', 'QUISPE PACORI KENNYDY EVER', '', '', 'P', 'INGENIERIA DE SISTEMAS', 'JULIACA - PERU'),
('46855162', 'MURGA SANCHEZ JAVIER ALEX', '', '', 'P', 'INGENIERIA DE  SISTEMAS', 'JULIACA-PERU'),
('4844456', 'CHAVEZ CHOQUE MARIO CESAR', '72559099', '', 'A', 'INGENIERIA DE SISTEMAS', 'UTO-ORURO'),
('4846656', 'ZUBIETA HUANCA MABEL SELENA', '70430840', '', 'A', 'INGENIERIA DE SISTEMAS', 'UTO-ORURO'),
('48608927', 'VILCA HUACASI YONY', '', '', 'P', 'INGENIERIA DE SISTEMAS', 'JULIACA - PERU'),
('4868340', 'MORALES CALDERON MAURICIO EDWIN', '73206030', '', 'A', 'INGENIERIA DE SISTEMAS', 'UTO-ORURO'),
('5046637', 'ROCHA ROQUE MARCO', '72312428', '', 'A', 'INGENIERIA INFORMATICA', 'UTO-ORURO'),
('5061149', 'TERAN MEJIA ROSARIO MARIBEL', '75704735', '', '', 'INGENIERIA INFORMATICA', 'UTO-ORURO'),
('5062286', 'ING. FRANKLIN HUMBERTO VILLANUEVA FULGUERA', '73804000', '', 'D', 'INGENIERIA DE SISTEMAS', 'UTO-ORURO'),
('5063160', 'CHAMBI LEAÑO WILMER RONALD', '', '', 'A', 'INGENIERIA DE SISTEMAS', 'UTO-ORURO'),
('5063852', 'APAZA PACHECO KEVIN ALAN', '76147174', '', 'A', 'INGENIERIA DE SISTEMAS', 'UTO-ORURO'),
('5066207', 'VILLCA CANQUI CARLA VERONICA', '75713535', '', 'A', 'INGENIERIA INFORMATICA', 'UTO-ORURO'),
('5067644', 'CUEVAS ESCARZO ROXANA', '', '', 'A', 'INGENIERIA DE SISTEMAS', 'UTO-ORURO'),
('5068779', 'OVANDO FELIPE RUTH', '', '', 'A', 'INGENIERIA DE SISTEMAS', 'UTO-ORURO'),
('5069345', 'CHIRILLA CHAMBI EFRAIN REYNALDO', '', '', 'A', 'INGENIERIA DE SISTEMAS', 'UTO-ORURO'),
('5074862', 'QUISPE CORTEZ MAX NESTOR', '', '', 'A', 'INGENIERIA DE SISTEMAS', 'UTO-ORURO'),
('5113282', 'VARGAS MORALES NUVIA MARIANA', '73847740', '', '', 'INGENIERIA DE SISTEMAS', 'UTO-ORURO'),
('5135173', 'AGUILAR COLQUECHUIMA ANTONIO', '63666420', '', 'A', 'INGENIERIA DE SISTEMAS', 'UTO-ORURO'),
('5543948', 'MAMANI QUISPE GEOVANNI ELDER', '', '', 'A', 'INGENIERIA INFORMATICA', 'UTO-ORURO'),
('5548939', 'FLORES FLORES MARIA MARCELA', '', '', 'A', 'INGENIERIA DE SISTEMAS', 'UTO-ORURO'),
('5553429', 'ORDOÑEZ IGNACIO MARI ISABEL', '69577419', '', 'A', 'INGENIERIA DE SISTEMAS', 'UTO-ORURO'),
('5557232', 'CRUZ CHOQUE JHEYSON OBED', '', '', 'A', 'INGENIERIA DE SISTEMAS', 'UTO-ORURO'),
('5567563', 'MENDIETA RAMOS JHONNY JHONATAN', '', '', 'A', 'INGENIERIA DE SISTEMAS', 'UTO-ORURO'),
('5574285', 'MAMANI GUTIERREZ MISAEL NEFI', '', '', 'A', 'INGENIERIA DE SISTEMAS', 'UTO-ORURO'),
('5721343', 'JALLAZA GUZMAN KARINA VISNEY', '72495385', '', 'A', 'INGENIERIA INFORMATICA', 'UTO-ORURO'),
('5721619', 'BLACUTT ESPINDOLA VICTOR HUGO', '72453361', '', 'A', 'INGENIERIA DE SISTEMAS', 'UTO-ORURO'),
('5722283', 'VILLCA USNAYO CARELY', '73846198', '', 'A', 'INGENIERIA DE SISTEMAS', 'UTO-ORURO'),
('5722307', 'MERCADO ARAYA JORGE ALEJANDRO', '', '', 'A', 'INGENIERIA INFORMATICA', 'UTO-ORURO'),
('5723671', 'DAZA ARANCIBIA ADRIAN MARTIN', '', '', 'A', 'INGENIERIA DE SISTEMAS', 'UTO-ORURO'),
('5725547', 'MORA TORREZ VICTOR GABRIEL', '', '', 'A', 'INGENIERIA DE SISTEMAS', 'UTO-ORURO'),
('5726158', 'MONTERO TERAN MARCOS MARCELO', '', '', 'A', 'INGENIERIA DE SISTEMAS', 'UTO-ORURO'),
('5726197', 'TICLLA PORCO YOLANDA', '', '', 'A', 'INGENIERIA DE SISTEMAS', 'UTO-ORURO'),
('5726437', 'RODRIGUEZ LUIS CARLOS', '72501197', '', 'A', 'INGENIERIA DE SISTEMAS', 'UTO-ORURO'),
('5727265', 'PARI ALAVE ABEL', '', '', 'A', 'INGENIERIA DE SISTEMAS', 'UTO-ORURO'),
('5727629', 'TINTARES CHOQUE DAIRA YAIR', '68099544', '', 'A', 'INGENIERIA DE SISTEMAS', 'UTO-ORURO'),
('5729243', 'TAQUICHIRI CATARI CARLOS RUBEN', '72301536', '', 'A', 'INGENIERIA DE SISTEMAS', 'UTO-ORURO'),
('5730564', 'RIOS OCAÑA EDDY ELVIS', '69580610', '', 'A', 'INGENIERIA DE SISTEMAS', 'UTO-ORURO'),
('5731791', 'ING. SILVIA GUZMAN CORONEL', '73071016', '', 'F', 'INGENIERIA DE SISTEMAS', 'UTO-ORURO'),
('5732637', 'CARRION MAMANI SUSSY', '', '', 'A', 'INGENIERIA DE SISTEMAS', 'UTO-ORURO'),
('5733055', 'ZUBIETA VIRACA JOSE MARIA', '75707584', '', 'A', 'INGENIERIA DE SISTEMAS', 'UTO-ORURO'),
('5734320', 'ROCHA VILLCA REDDY RICHARD', '', '', 'A', 'INGENIERIA DE SISTEMAS', 'UTO-ORURO'),
('5734528', 'BLANCO RISCO RAMIRO EFRAIN', '78604715', '', 'AM', 'INGENIERIA DE SISTEMAS', 'UTO-ORURO'),
('5734965', 'MAMANI CANAVIRI LUZ MARINA', '60412076', '', 'A', 'INGENIERIA DE SISTEMAS', 'UTO-ORURO'),
('5735493', 'MARAZA HUALLPA LIMBER', '', '', 'A', 'INGENIERIA DE SISTEMAS', 'UTO-ORURO'),
('5737643', 'GIL ABASTO WALTER', '', '', 'A', 'INGENIERIA DE SISTEMAS', 'UTO-ORURO'),
('5738595', 'TERAN MEJIA EVELYN DIANA', '', '', 'A', 'INGENIERIA DE SISTEMAS', 'UTO-ORURO'),
('5739631', 'ING. JAVIER ALEJANDRO VELASCO VILLARROEL', '72300648', '', 'F', 'INGENIERIA MECANICA', 'UTO-ORURO'),
('5741021', 'VERA PINAYA ARIEL', '', '', 'A', 'INGENIERIA INFORMATICA', 'UTO-ORURO'),
('5741422', 'MEDINA RIOS ALVARO EDWAR', '', '', 'A', 'INGENIERIA DE SISTEMAS', 'UTO-ORURO'),
('5741660', 'FLORES ALANES FRANCO', '', '', 'A', 'INGENIERIA DE SISTEMAS', 'UTO-ORURO'),
('5741669', 'CHOQUE GUTIERREZ MARCELA', '', '', 'A', 'INGENIERIA DE SISTEMAS', 'UTO-ORURO'),
('5741833', 'COPA GUZMAN WILBER', '73831925', '', 'A', 'INGENIERIA DE SISTEMAS', 'UTO-ORURO'),
('5741892', 'MIRANDA CAYOJA ALEJANDRO OLIVERIO', '', '', 'A', 'INGENIERIA INFORMATICA', 'UTO-ORURO'),
('5742620', 'CRUZ MAMANI MARIA ISTIL', '', '', 'A', 'INGENIERIA DE SISTEMAS', 'UTO-ORURO'),
('5743599', 'VASQUEZ SOLANO FERNANDO FREDDY', '', '', 'A', 'INGENIERIA DE SISTEMAS', 'UTO-ORURO'),
('5746231', 'CARPIO ROCHA MICHAEL JHOSID', '75429241', '', 'A', 'INGENIERIA DE SISTEMAS', 'UTO-ORURO'),
('5746831', 'SUAZNABAR MIRANDA DYLAN MARCELO', '', '', 'A', 'INGENIERIA DE SISTEMAS', 'UTO-ORURO'),
('5746975', 'LUCAS QUISPE ROLANDO TEOFILO', '75700546', '', 'A', 'INGENIERIA DE SISTEMAS', 'UTO-ORURO'),
('5747462', 'AGUILAR ZENTENO JIMENA', '77145183', '', 'A', 'INGENIERIA DE SISTEMAS', 'UTO-ORURO'),
('5747499', 'ANTEZANA LIMA EDSON JOSE', '72456981', '', 'A', 'INGENIERIA DE SISTEMAS', 'UTO-ORURO'),
('5752446', 'HUALLPA BAUTISTA WILBER RUBEN', '69602469', '', '', 'INGENIERIA DE SISTEMAS', 'UTO-ORURO'),
('5752455', 'COLQUE CHOQUE GUMERCINDO', '60427039', '', 'A', 'INGENIERIA INFORMATICA', 'UTO-ORURO'),
('5752868', 'PAIRO CHAMBI NANCY', '', '', 'B', 'INGENIERIA DE SISTEMAS', 'UTO-ORURO'),
('5753564', 'LEANDRO MARCA JOHNNY', '67263351', '', 'A', 'INGENIERIA INFORMATICA', 'UTO-ORURO'),
('5753819', 'CALLAHUARA COCA SERGIO DENIS', '', '', 'B', 'INGENIERIA DE SISTEMAS', 'UTO-ORURO'),
('5753995', 'CALLAPA CONDORI WILDER', '65426050', '', 'B', 'INGENIERIA DE SISTEMAS', 'UTO-ORURO'),
('5755055', 'COLQUE MAMANI WILDER ORLANDO', '', '', 'A', 'INGENIERIA INFORMATICA', 'UTO-ORURO'),
('5755262', 'MIRANDA ROQUE RONALD LAHURET', '', '', 'A', 'INGENIERIA INFORMATICA', 'UTO-ORURO'),
('5755639', 'PEREIRA ARAMAYO ELSA MARIA', '', '', 'A', 'INGENIERIA DE SISTEMAS', 'UTO-ORURO'),
('5755984', 'CALIZAYA CALIZAYA MIGUEL ANGEL', '72495164', '', 'A', 'INGENIERIA DE SISTEMAS', 'UTO-ORURO'),
('5756119', 'CANAZA VASQUEZ DEIVID VICTOR', '75420232', '', 'A', 'INGENIERIA DE SISTEMAS', 'UTO-ORURO'),
('5756333', 'CASTILLO PONCE ANGEL ALVARO', '', '', 'A', 'INGENIERIA DE SISTEMAS', 'UTO-ORURO'),
('5756474', 'OVANDO MAMANI DAVID', '', '', 'A', 'INGENIERIA DE SISTEMAS', 'UTO-ORURO'),
('5757776', 'MOREIRA CABRERA PAOLA NIEVES', '', '', 'A', 'INGENIERIA DE SISTEMAS', 'UTO-ORURO'),
('5757824', 'FERNANDEZ FLORES JOSE LUIS', '72302387', '', 'A', 'INGENIERIA DE SISTEMAS', 'UTO-ORURO'),
('5758442', 'GALLEGOS ANCALLE JORGE GIOVANI', '', '', 'A', 'INGENIERIA INFORMATICA', 'UTO-ORURO'),
('5758718', 'PACO MARCA ERIKA MONICA', '74477291', '', 'A', 'INGENIERIA DE SISTEMAS', 'UTO-ORURO'),
('5759147', 'AREVALO PELAEZ HUGO CRISTIAN', '71883221', '', 'A', 'INGENIERIA DE SISTEMAS', 'UTO-ORURO'),
('5759169', 'ALVINO SOLIZ ROXANA', '', '', 'A', 'INGENIERIA INFORMATICA', 'UTO-ORURO'),
('5759330', 'HUANACO MAMANI CONSTANTINO', '60434106', 'constantinohuanaco@gmail.com', 'A', 'INGENIERIA DE SISTEMAS', 'UTO-ORURO'),
('5759381', 'ZELAYA FUENTES RODRIGO RAFAEL', '', '', 'A', 'INGENIERIA DE SISTEMAS', 'UTO-ORURO'),
('5759770', 'CHOQUE QUENA JAIME DAVID', '77935530', '', 'A', 'INGENIERIA DE SISTEMAS', 'UTO-ORURO'),
('5759775', 'CANAVIRI ROMERO ESTHER GILDA', '77156909', '', 'A', 'INGENIERIA DE SISTEMAS', 'UTO-ORURO'),
('5759889', 'MARCA MORALES MARINA REYNA', '76132512', 'marina_k4@hotmail.com', 'A', 'INGENIERIA DE SISTEMAS', 'UTO-ORURO'),
('5760299', 'MANCILLA MANCERA DAVID CARLOS', '', '', 'A', 'INGENIERIA DE SISTEMAS', 'UTO-ORURO'),
('5761322', 'MAGNO SANABRIA JOHN JAIRO', '65437016', '', 'A', 'INGENIERIA INFORMATICA', 'UTO-ORURO'),
('5761896', 'CANAZA CHACHAQUI MAYRA ALEJANDRA', '', '', 'A', 'INGENIERIA INFORMATICA', 'UTO-ORURO'),
('5762453', 'FERNANDEZ ORELLANA LUIS ALBERTO', '', '', 'A', 'INGENIERIA DE SISTEMAS', 'UTO-ORURO'),
('5762679', 'MOLINA SUAREZ IVAN', '72495365', '', 'A', 'INGENIERIA DE SISTEMAS', 'UTO-ORURO'),
('5763031', 'ORTEGA HUANCA DANIELA', '', '', 'A', 'INGENIERIA DE SISTEMAS', 'UTO-ORURO'),
('5763135', 'ACHACOLLO FUENTES JOSE LUIS', '', '', 'A', 'INGENIERIA DE SISTEMAS', 'UTO-ORURO'),
('5763491', 'YUCRA YUCRA YERKO JHONATAN', '', '', 'A', 'INGENIERIA DE SISTEMAS', 'UTO-ORURO'),
('5764044', 'ORTEGA BOHORQUEZ CRISTHIAN', '60420186', '', '', 'INGENIERIA DE  SISTEMAS', 'UTO-ORURO'),
('5766047', 'EGR. SEGURA ANDRADE CELIA ALEJANDRA', '72332920', '', '', 'INGENIERIA DE  SISTEMAS', 'UTO-ORURO'),
('5766284', 'MEDINA VISCARRA FABRICIO', '60433289', '', 'A', 'INGENIERIA DE SISTEMAS', 'UTO-ORURO'),
('5767422', 'OLIVERA AQUINO OSMAR FERNANDO', '', '', 'A', 'INGENIERIA DE SISTEMAS', 'UTO-ORURO'),
('5767528', 'ORTIZ FUENTES RUBEN', '', '', 'A', 'INGENIERIA DE SISTEMAS', 'UTO-ORURO'),
('5767655', 'LAZCANO BALLESTEROS LEXER', '77143185', '', 'A', 'INGENIERIA INFORMATICA', 'UTO-ORURO'),
('5767754', 'ROJAS RAMIREZ CARLOS ALBERTO', '', '', 'A', 'INGENIERIA DE SISTEMAS', 'UTO-ORURO'),
('5767780', 'ARAPI GUTIERREZ NINOSKA LIDIA', '68352589', '', 'A', 'INGENIERIA DE SISTEMAS', 'UTO-ORURO'),
('5768775', 'GARCIA FORONDA RUBEN ALEJANDRO', '69603170', '', 'A', 'INGENIERIA INFORMATICA', 'UTO-ORURO'),
('5769154', 'HINOJOSA CUEVAS ROGER SERGIO', '', '', 'A', 'INGENIERIA INFORMATICA', 'UTO-ORURO'),
('5769706', 'LOPEZ GUTIERREZ ALEJANDRO FERNANDO', '73822069', '', 'A', 'INGENIERIA INFORMATICA', 'UTO-ORURO'),
('5769914', 'GUARAYO TINTAYA ROGER WILFORD', '', '', 'A', 'INGENIERIA DE SISTEMAS', 'UTO-ORURO'),
('5769922', 'MAMANI VILLALPANDO JOSE MANUEL', '', '', 'A', 'INGENIERIA INFORMATICA', 'UTO-ORURO'),
('5771418', 'ING. HERNAN LUIS HELGUERO VELASQUEZ', '67262244', '', 'D', 'INGENIERIA DE SISTEMAS', 'UTO-ORURO'),
('5771920', 'FIGUEROA MAMANI JULIO', '', '', 'A', 'INGENIERIA INFORMATICA', 'UTO-ORURO'),
('5772315', 'FLORES BENITEZ RICHARD GUSTAVO', '', '', 'A', 'INGENIERIA INFORMATICA', 'UTO-ORURO'),
('5772411', 'FLORES CONDORI CRECENCIA', '79428592', '', 'A', 'INGENIERIA DE SISTEMAS', 'UTO-ORURO'),
('5772557', 'VARGAS CHILA PABLO ALEXANDER', '', '', 'A', 'INGENIERIA DE SISTEMAS', 'UTO-ORURO'),
('5772563', 'BUSTOS ALDAPIZ IVAN HORACIO', '70421714', '', 'A', 'INGENIERIA DE SISTEMAS', 'UTO-ORURO'),
('5772681', 'JUANIQUINA SALINAS ANGEL', '', '', 'A', 'INGENIERIA DE SISTEMAS', 'UTO-ORURO'),
('5772706', 'BENITEZ DIAZ NESTOR ALEJANDRO', '69580117', '', 'A', 'INGENIERIA INFORMATICA', 'UTO-ORURO'),
('5772747', 'IGNACIO ZURITA SONNY', '', '', 'A', 'INGENIERIA DE SISTEMAS', 'UTO-ORURO'),
('5773356', 'RAMIREZ CHOQUE WILFREDO', '73846521', '', 'A', 'INGENIERIA INFORMATICA', 'UTO-ORURO'),
('5773720', 'CABRERA HUANCA PAULO MARCELO', '70415144', '', 'A', 'INGENIERIA DE SISTEMAS', 'UTO-ORURO'),
('5774135', 'LAYME CONDORI EDWIN EVER', '', '', 'A', 'INGENIERIA DE SISTEMAS', 'UTO-ORURO'),
('5774366', 'CANAVIRI AGUIRRE FRANZ SAUL', '', '', 'A', 'INGENIERIA DE SISTEMAS', 'UTO-ORURO'),
('5774467', 'PEREDO MANCILLA EDSON CARLOS', '', '', 'A', 'INGENIERIA INFORMATICA', 'UTO-ORURO'),
('5775216', 'PADILLA PERALES VIVIANA LEIDY', '67210091', '', 'A', 'INGENIERIA DE SISTEMAS', 'UTO-ORURO'),
('5775382', 'FLORES AGUDO CHRISTIAN PAOLO', '', '', 'A', 'INGENIERIA DE SISTEMAS', 'UTO-ORURO'),
('5776220', 'CHOQUE ESCOBAR LIMBER GERARDO', '', '', 'A', 'INGENIERIA DE SISTEMAS', 'UTO-ORURO'),
('5779167', 'YUCRA JACINTO LUCIA PAMELA', '70420714', '', 'A', 'INGENIERIA INFORMATICA', 'UTO-ORURO'),
('5779557', 'GUTIERREZ BELTRAN MARCO ANTONIO', '', '', 'A', 'INGENIERIA DE SISTEMAS', 'UTO-ORURO'),
('5787837', 'MARTINEZ VARGAS MARIA VERONICA', '', '', 'A', 'INGENIERIA INFORMATICA', 'UTO-ORURO'),
('583636', 'ING. ANGEL MIRANDA SILES', '', '', 'D', 'INGENIERIA DE SISTEMAS', 'UTO-ORURO'),
('5868806', 'SEQUEIROS LERO JIMMY', '71181999', '', 'A', 'INGENIERIA INFORMATICA', 'UTO-ORURO'),
('595685', 'ING. FERNANDO EDWIN TARQUE ORTEGA', '71188317', '', 'D', 'INGENIERIA DE SISTEMAS', 'UTO-ORURO'),
('6117429', 'QUESO MAMANI FRANZ RAMIRO', '78615372', '', 'A', 'INGENIERIA DE SISTEMAS', 'UTO-ORURO'),
('6127211', 'CHAVEZ APAZA DANIEL', '76145720', '', '', 'INGENIERIA DE SISTEMAS', 'UTO-ORURO'),
('6143295', 'MAMANI SEGALES ABEL', '', '', 'A', 'INGENIERIA DE SISTEMAS', 'UTO-ORURO'),
('6190213', 'ALVAREZ MAMANI JORGE ALEJANDRO', '', '', 'A', 'INGENIERIA DE SISTEMAS', 'UTO-ORURO'),
('6226800', 'ROBLES BALTAZAR JUAN RENE', '', '', 'A', 'INGENIERIA DE SISTEMAS', 'UTO-ORURO'),
('6263953', 'TORRICO MENDOZA MARIFE ANGELES', '', '', 'A', 'INGENIERIA INFORMATICA', 'UTO-ORURO'),
('630865', 'ING. ORESTES SALAS PAREDES', '', '', 'D', 'INGENIERIA DE SISTEMAS', 'UTO-ORURO'),
('652469', 'ING. CESAR FERNANDO ESCALANTE LUNARIO', '72493990', '', 'D', 'INGENIERIA DE SISTEMAS', 'UTO-ORURO'),
('6533083', 'FLORES TICONA ROGER', '', '', 'A', 'INGENIERIA INFORMATICA', 'UTO-ORURO'),
('6566962', 'LEAÑO ACEBEY OSCAR', '', '', 'A', 'INGENIERIA DE SISTEMAS', 'UTO-ORURO'),
('6572886', 'CONTRERAS DELGADO RONALD LUIS', '', '', 'A', 'INGENIERIA DE SISTEMAS', 'UTO-ORURO'),
('6583351', 'AYAVIRI AQUINO ALEX', '67224371', '', 'A', 'INGENIERIA DE SISTEMAS', 'UTO-ORURO'),
('6587455', 'OCAÑA VERA DAVID', '', '', 'A', 'INGENIERIA INFORMATICA', 'UTO-ORURO'),
('6603703', 'BURGOS TITICHOCA LUIS ALFREDO', '72467210', '', '', 'INGENIERIA DE SISTEMAS', 'UTO-ORURO'),
('6614875', 'PAREDES MAMANI NELIDA', '', '', 'A', 'INGENIERIA DE SISTEMAS', 'UTO-ORURO'),
('6617988', 'CARVAJAL MURILLO CLAUDIA MERCEDES', '75707549', '', '', 'INGENIERIA DE  SISTEMAS', 'UTO-ORURO'),
('6634586', 'DIAZ VALLEJOS ALVARO', '', '', 'A', 'INGENIERIA INFORMATICA', 'UTO-ORURO'),
('6639804', 'AYALA DIAZ LUIS ALFREDO', '67911048', '', 'A', 'INGENIERIA DE SISTEMAS', 'UTO-ORURO'),
('6639825', 'SANCHEZ NUÑEZ JHONATAN JULIO', '65435444', '', 'A', 'INGENIERIA DE SISTEMAS', 'UTO-ORURO'),
('6645278', 'FLORES FLORES IVAN', '', '', 'A', 'INGENIERIA INFORMATICA', 'UTO-ORURO'),
('6680364', 'ROQUE CERROGRANDE AMADEO', '', '', 'C', 'INGENIERIA DE SISTEMAS', 'UTO-ORURO'),
('6688684', 'CANAVIRI GUTIERREZ JHANS HUMBERTO', '73337316', '', 'A', 'INGENIERIA DE SISTEMAS', 'UTO-ORURO'),
('6692606', 'CONDORI MENDOZA ALEXANDER', '', '', 'A', 'INGENIERIA DE SISTEMAS', 'UTO-ORURO'),
('6710680', 'REYNAGA GANDARILLAS REYNALDO', '61846805', '', 'A', 'INGENIERIA DE SISTEMAS', 'UTO-ORURO'),
('6711775', 'JUAREZ MAMANI JOSUE YAMIL', '', '', 'A', 'INGENIERIA DE SISTEMAS', 'UTO-ORURO'),
('6711841', 'JUAREZ MAMANI EDSON WALDO', '', '', 'A', 'INGENIERIA INFORMATICA', 'UTO-ORURO'),
('6714222', 'MAMANI QUISPE ANACLETO', '', '', 'A', 'INGENIERIA DE SISTEMAS', 'UTO-ORURO'),
('6714290', 'JUAREZ VALERIANO LISBETH KAREN', '', '', 'A', 'INGENIERIA DE SISTEMAS', 'UTO-ORURO'),
('671638', 'GUZMAN PEREZ GUIDO NESTOR', '60410381', '', 'A', 'INGENIERIA DE SISTEMAS', 'UTO-ORURO'),
('6717150', 'GARECA IBAÑEZ JIMMY', '', '', 'A', 'INGENIERIA DE SISTEMAS', 'UTO-ORURO'),
('6717679', 'MONTES ISNADO RAUL', '79447155', '', 'A', 'INGENIERIA DE SISTEMAS', 'UTO-ORURO'),
('6788215', 'DELGADO AYALA ALEX GEDEON', '', '', 'A', 'INGENIERIA DE SISTEMAS', 'UTO-ORURO'),
('6794167', 'GUZMAN SUXO HILDA IRENE', '68305306', '', 'E', 'INGENIERIA DE SISTEMAS', 'UTO-ORURO'),
('6814252', 'FLORES MONTAÑO JHASMANI ABEL', '65103789', '', 'A', 'INGENIERIA DE SISTEMAS', 'UTO-ORURO'),
('6869718', 'CRUZ CRUZ CARLOS MARCELO', '77202850', '', 'A', 'INGENIERIA DE SISTEMAS', 'UTO-ORURO'),
('6896060', 'NINA NINA FERNANDA', '76154603', '', '', 'INGENIERIA DE SISTEMAS', 'UTO-ORURO'),
('6919049', 'LLANOS TOLA CRISTIAN DAVE', '', '', 'A', 'INGENIERIA INFORMATICA', 'UTO-ORURO'),
('6921889', 'MAMANI PAXI JOSE LUIS', '74131830', '', 'A', 'INGENIERIA INFORMATICA', 'UTO-ORURO'),
('6946593', 'GARCIA AYAVIRI FERNANDO', '78600834', '', 'A', 'INGENIERIA DE SISTEMAS', 'UTO-ORURO'),
('70058471', 'TAIPE PARICOTO CLINTON', '', '', '', 'INGENIERIA DE  SISTEMAS', 'JULIACA-PERU'),
('70072452', 'JILAVITA QUISPE JUAN DAVID', '', '', 'P', 'INGENIERIA DE SISTEMAS', 'JULIACA - PERU'),
('70079938', 'PACCO ZEA NELSON ERNESTO', '', '', 'P', 'INGENIERIA DE  SISTEMAS', 'JULIACA-PERU'),
('70198275', 'MAMANI SALAS LIBARIO BLADIMIR', '981546412', '', 'P', 'INGENIERIA DE SISTEMAS', 'JULIACA PERU'),
('7023402', 'QUENTA HURTADO JHONNY', '', '', 'A', 'INGENIERIA DE SISTEMAS', 'UTO-ORURO'),
('7027435', 'TOLA RIOS WILLMA', '71848065', '', 'A', 'INGENIERIA DE SISTEMAS', 'UTO-ORURO'),
('7027474', 'TOLA MAMANI FRANCO', '', '', 'A', 'INGENIERIA DE SISTEMAS', 'UTO-ORURO'),
('7036255', 'ALVAREZ PEDRAZA EDSON JHASMANI', '', '', 'A', 'INGENIERIA DE SISTEMAS', 'UTO-ORURO'),
('70413711', 'FLORES HUARCAYA HENRY PAUL', '', '', 'P', 'INGENIERIA DE SISTEMAS', 'JULIACA - PERU'),
('70429422', 'MAMANI LUQUE DIEGO ARMANDO', '', '', 'P', 'INGENIERIA DE SISTEMAS', 'JULIACA - PERU'),
('7084624', 'MAMANI MAMANI ALVARO', '70420135', '', 'A', 'INGENIERIA INFORMATICA', 'UTO-ORURO'),
('7162068', 'GUERRERO VISTAS EDUARDO REYMAR', '70219685', '', 'A', 'INGENIERIA INFORMATICA', 'UTO-ORURO'),
('71694020', 'QUISPE DEZA CINTHIA ROXANA', '934020257', '', 'P', 'INGENIERIA DE SISTEMAS', 'JULIACA PERU'),
('7251309', 'ROCHA CALLE YONATAN YHONNY', '76136084', '', 'A', 'INGENIERIA DE SISTEMAS', 'UTO-ORURO'),
('7260105', 'MAMANI CRUZ FREDY', '75414162', '', 'B', 'INGENIERIA DE SISTEMAS', 'UTO-ORURO'),
('7260110', 'FLORES FLORES CANDY', '', '', 'A', 'INGENIERIA DE SISTEMAS', 'UTO-ORURO'),
('7260395', 'AVILA HERBAS LUIS', '', '', 'A', 'INGENIERIA DE SISTEMAS', 'UTO-ORURO'),
('7260457', 'CONDE PAIVA ROBERTH LUEDEZ', '', '', 'A', 'INGENIERIA DE SISTEMAS', 'UTO-ORURO'),
('7260555', 'LEDEZMA VILLAN EDWIN GUSTAVO', '72469466', '', 'A', 'INGENIERIA DE SISTEMAS', 'UTO-ORURO'),
('7261159', 'RIVERO NUÑEZ ALAN MARCELO', '73834580', '', 'A', 'INGENIERIA INFORMATICA', 'UTO-ORURO'),
('7261234', 'FERNANDEZ APAZA MARCELO', '72322620', '', 'A', 'INGENIERIA DE SISTEMAS', 'UTO-ORURO'),
('7261584', 'CANAVIRI COLQUE CRISTIAN GUSTAVO', '', '', 'A', 'INGENIERIA INFORMATICA', 'UTO-ORURO'),
('7261836', 'FLORES ARANIBAR VIVIANA', '', '', 'A', 'INGENIERIA DE SISTEMAS', 'UTO-ORURO'),
('7262101', 'TEHERAN LUJAN ALEJANDRO GABRIEL', '', '', 'A', 'INGENIERIA DE SISTEMAS', 'UTO-ORURO'),
('7262134', 'PEDREGAL QUISPE MARCOS JAVIER', '72344055', '', 'A', 'INGENIERIA INFORMATICA', 'UTO-ORURO'),
('7262373', 'BUSTOS CAMPOS ELIA EDELFRIDA', '76136623', '', 'A', 'INGENIERIA DE SISTEMAS', 'UTO-ORURO'),
('7263153', 'QUISPE CONDORI YERSON CALEB', '75426025', '', 'A', 'INGENIERIA DE SISTEMAS', 'UTO-ORURO'),
('7263642', 'RIOS OCAÑA DAVID ERNESTO', '67259796', '', 'A', 'INGENIERIA INFORMATICA', 'UTO-ORURO'),
('7263780', 'RODRIGUEZ COLQUE ROGER MILTON', '61834321', '', 'A', 'INGENIERIA INFORMATICA', 'UTO-ORURO'),
('7263867', 'CHOQUE QUISPE JUAN SALBADOR', '', '', 'A', 'INGENIERIA DE SISTEMAS', 'UTO-ORURO'),
('7263868', 'ANTONIO MAMANI BONNY ALBERTO', '', '', 'A', 'INGENIERIA INFORMATICA', 'UTO-ORURO'),
('7264013', 'COPA CALIZAYA WILDER SANDRO', '', '', 'A', 'INGENIERIA DE SISTEMAS', 'UTO-ORURO'),
('7264040', 'SANTOS MOROCHI LUCIO', '71856305', '', 'A', 'INGENIERIA DE SISTEMAS', 'UTO-ORURO'),
('7264199', 'AGRADA BERRIOS EDSON WILLIAM', '72328671', '', '', 'INGENIERIA DE SISTEMAS', 'UTO-ORURO'),
('7264242', 'CALIZAYA MAMANI MIRIAN', '', '', 'A', 'INGENIERIA DE SISTEMAS', 'UTO-ORURO'),
('7264275', 'ZARATE MEJIA SILVIA MARUJA', '', '', 'A', 'INGENIERIA DE SISTEMAS', 'UTO-ORURO'),
('7264381', 'TERRAZAS MACIAS ELIZABETH', '', '', 'A', 'INGENIERIA DE SISTEMAS', 'UTO-ORURO'),
('7265514', 'LLAVES LOPEZ CLAUDIA CRISTINA', '60412275', '', 'A', 'INGENIERIA DE SISTEMAS', 'UTO-ORURO'),
('7265791', 'WILCARANI VILLCA ALDOMAR', '75426858', '', 'A', 'INGENIERIA INFORMATICA', 'UTO-ORURO'),
('7266021', 'VACAFLOR ALCON ALBERT DIMAS', '', '', 'A', 'INGENIERIA DE SISTEMAS', 'UTO-ORURO'),
('7266144', 'POMA MAMANI ASTRID BETTSY', '', '', 'A', 'INGENIERIA DE SISTEMAS', 'UTO-ORURO'),
('7266230', 'CONDORI BLANCO LIMBER', '', '', 'A', 'INGENIERIA DE SISTEMAS', 'UTO-ORURO'),
('7266346', 'ALIAGA VERA DORIAN', '75707090', '', 'A', 'INGENIERIA DE SISTEMAS', 'UTO-ORURO'),
('7266683', 'FLORES QUINA FLORA', '72521025', '', 'A', 'INGENIERIA DE SISTEMAS', 'UTO-ORURO'),
('7266856', 'ESPINOZA VELASCO YHEYZON ARIEL', '', '', 'A', 'INGENIERIA DE SISTEMAS', 'UTO-ORURO'),
('7267002', 'TUCO LOAYZA RUTH GRISELDA', '', '', 'A', 'INGENIERIA DE SISTEMAS', 'UTO-ORURO'),
('7267041', 'RUEDA LOPEZ ERICK SIMON', '', '', 'A', 'INGENIERIA DE SISTEMAS', 'UTO-ORURO'),
('7267044', 'ARROYO COLQUE FRANKLIN MIJAIL', '', '', 'A', 'INGENIERIA DE SISTEMAS', 'UTO-ORURO'),
('7267343', 'COLQUE LINO LUIS PABLO', '', '', 'A', 'INGENIERIA DE SISTEMAS', 'UTO-ORURO'),
('7267955', 'MAMANI FLORES CRISTHIAN IGOR', '78594603', '', 'A', 'INGENIERIA INFORMATICA', 'UTO-ORURO'),
('7268536', 'GARCIA TORRICO MAIRA', '73836059', '', 'A', 'INGENIERIA DE SISTEMAS', 'UTO-ORURO'),
('7268824', 'FLORES FLORES AIDEE', '', '', 'A', 'INGENIERIA DE SISTEMAS', 'UTO-ORURO'),
('7269258', 'CHOQUE PEDREGAL JETRY ELIZABETH', '65412919', '', 'A', 'INGENIERIA DE SISTEMAS', 'UTO-ORURO'),
('7269738', 'HUANCA FLORES HERACLIO', '74124406', '', 'A', 'INGENIERIA INFORMATICA', 'UTO-ORURO'),
('7269751', 'LLAMPA COLQUE JOSE LUIS', '', '', 'A', 'INGENIERIA INFORMATICA', 'UTO-ORURO'),
('7269831', 'SARZURI LEVA GARINA IRMA', '', '', 'A', 'INGENIERIA DE SISTEMAS', 'UTO-ORURO'),
('7270080', 'HUMEREZ MAMANI MIGUEL ANGEL', '61839827', '', 'A', 'INGENIERIA INFORMATICA', 'UTO-ORURO'),
('7270190', 'COLQUE CHOQUE ALEXANDRA EDITH', '68304285', '', 'A', 'INGENIERIA DE SISTEMAS', 'UTO-ORURO'),
('7270239', 'AYALA ARISMENDI NIGER', '', '', 'A', 'INGENIERIA DE SISTEMAS', 'UTO-ORURO'),
('7270388', 'ORTUBE TERCEROS PABLO GUSTAVO', '70420457', '', '', 'INGENIERIA DE SISTEMAS', 'UTO-ORURO'),
('7270439', 'FERREYRA ABEL ROLANDO', '', '', 'A', 'INGENIERIA DE SISTEMAS', 'UTO-ORURO'),
('7270820', 'CORO ARCAYNE RICHARD DANIEL', '', '', 'A', 'INGENIERIA DE SISTEMAS', 'UTO-ORURO'),
('7271667', 'FLORES QUISBERT MELANY', '65423145', '', 'A', 'INGENIERIA DE SISTEMAS', 'UTO-ORURO'),
('7272446', 'SALAS TORREZ RAUL ALFREDO', '', '', 'A', 'INGENIERIA INFORMATICA', 'UTO-ORURO'),
('7272563', 'CACERES QUENAYA EDWIN', '', '', 'A', 'INGENIERIA DE SISTEMAS', 'UTO-ORURO'),
('7272739', 'ANTEZANA ARIAS ELKIN YERKO', '72311152', '', 'A', 'INGENIERIA DE SISTEMAS', 'UTO-ORURO'),
('7273103', 'IQUISE VARGAS ELIZABETH', '73827777', '', 'A', 'INGENIERIA DE SISTEMAS', 'UTO-ORURO'),
('7273368', 'GUTIERREZ OJEDA SILVIA  LENNY', '70428625', '', '', 'INGENIERIA DE SISTEMAS', 'UTO - ORURO'),
('7274038', 'MACHACA GUARACHI VICTOR ALBERTO', '78611825', '', 'A', 'INGENIERIA DE SISTEMAS', 'UTO-ORURO'),
('7274411', 'RODRIGUEZ ESTRADA COSME ROSMAR', '', '', 'A', 'INGENIERIA INFORMATICA', 'UTO-ORURO'),
('7274840', 'COCA PARDO ISAI HAMET', '', '', 'A', 'INGENIERIA DE SISTEMAS', 'UTO-ORURO'),
('7275047', 'MAMANI POZO FRANCO JESUS', '76137653', '', 'A', 'INGENIERIA INFORMATICA', 'UTO-ORURO'),
('7275498', 'CHAMBI MAYTA GARY JESUS', '67242749', '', 'A', 'INGENIERIA INFORMATICA', 'UTO-ORURO'),
('7275593', 'LOPEZ CALLE JUAN BASILIO', '61811910', '', 'A', 'INGENIERIA DE SISTEMAS', 'UTO-ORURO'),
('7276340', 'MARZA ALARCON ALVARO JUNIOR', '70416589', 'sn@gmail.com', 'A', 'INGENIERIA DE SISTEMAS', 'UTO-ORURO'),
('7276427', 'QUIROZ GOMEZ VERONICA', '', '', 'A', 'INGENIERIA DE SISTEMAS', 'UTO-ORURO'),
('7276487', 'BLANCO CRUZ DORA MARTHA', '69596518', '', 'A', 'INGENIERIA DE SISTEMAS', 'UTO-ORURO'),
('7276908', 'GUTIERREZ MENDOZA MARIA ALEJANDRA', '72337310', '', 'A', 'INGENIERIA INFORMATICA', 'UTO-ORURO'),
('7277065', 'VENTURA ROQUE JOSE MIGUEL', '', '', 'A', 'INGENIERIA DE SISTEMAS', 'UTO-ORURO'),
('7277525', 'RIVERA CALA JAIRO KEVIN', '', '', 'A', 'INGENIERIA DE SISTEMAS', 'UTO-ORURO'),
('7277544', 'ESPINOZA VEIZAGA MARCELO', '60402265', '', 'A', 'INGENIERIA DE SISTEMAS', 'UTO-ORURO'),
('7277773', 'MARZA ALARCON CRISTIAN ARIEL', '', '', 'A', 'INGENIERIA INFORMATICA', 'UTO-ORURO'),
('7278416', 'GUEVARA LARREA PEDRO MARIO', '60428628', '', '', 'INGENIERIA INFORMATICA', 'UTO-ORURO'),
('7278842', 'VEIZAN GUTIERREZ BRYAN MAX', '70420837', '', 'A', 'INGENIERIA INFORMATICA', 'UTO-ORURO'),
('7278923', 'MAMANI FERNANDEZ GUSTAVO', '', '', 'A', 'INGENIERIA DE SISTEMAS', 'UTO-ORURO'),
('7279351', 'TORREZ CRUZ JOSE MIGUEL', '78610968', '', 'A', 'INGENIERIA DE SISTEMAS', 'UTO-ORURO'),
('7279590', 'MARZE VILLCA MIRIAM', '', '', 'A', 'INGENIERIA DE SISTEMAS', 'UTO-ORURO'),
('7280919', 'ALARCON LUCERO MARCELO EDWIN', '69336321', '', 'A', 'INGENIERIA INFORMATICA', 'UTO-ORURO'),
('7281458', 'ANTONIO CABRERA ARNOLD', '76131005', '', 'A', 'INGENIERIA DE SISTEMAS', 'UTO-ORURO'),
('7281660', 'VALDIVIA TAPIA ANGELA', '', '', 'A', 'INGENIERIA DE SISTEMAS', 'UTO-ORURO'),
('7282284', 'QUISPE FLORES ROLANDO APOLINAR', '70427047', '', 'A', 'INGENIERIA DE SISTEMAS', 'UTO-ORURO'),
('7282418', 'VALDEZ JALDIN RODRIGO MIGUEL', '', '', 'A', 'INGENIERIA DE SISTEMAS', 'UTO-ORURO'),
('7282441', 'SUAREZ FLORES ROBERTO', '78602594', '', 'A', 'INGENIERIA DE SISTEMAS', 'UTO-ORURO'),
('7284105', 'CALLE RAMIREZ ELIZABETH', '67236300', '', 'A', 'INGENIERIA DE SISTEMAS', 'UTO-ORURO'),
('7284456', 'TOLA ESCOBAR JOSE', '', '', 'A', 'INGENIERIA DE SISTEMAS', 'UTO-ORURO'),
('7284514', 'HUANCA ALANES DIEGO JORGE', '63665021', '', 'A', 'INGENIERIA DE SISTEMAS', 'UTO-ORURO'),
('7284609', 'MONCADA SORIA HAROLD JHOSSUE', '', '', 'A', 'INGENIERIA DE SISTEMAS', 'UTO-ORURO'),
('7284650', 'ANTONIO MATIAS PEDRO RAFAEL', '71887176', '', 'A', 'INGENIERIA DE SISTEMAS', 'UTO-ORURO'),
('7284804', 'CHUMACERO LLAVE RAISA', '75913466', '', 'A', 'INGENIERIA DE SISTEMAS', 'UTO-ORURO'),
('7285329', 'CONDARCO NAVARRO LUIS DIEGO', '67222944', '', 'A', 'INGENIERIA DE SISTEMAS', 'UTO-ORURO'),
('7285824', 'PEREZ VENIZ ADRIAN JHONATAN', '78073699', '', 'A', 'INGENIERIA INFORMATICA', 'UTO-ORURO'),
('7286178', 'VIA PEREZ JESSICA DENNISSE', '60439365', '', 'A', 'INGENIERIA DE SISTEMAS', 'UTO-ORURO'),
('7286231', 'CARREÑO PAREDEZ FRANZ FELIPE', '', '', 'A', 'INGENIERIA DE SISTEMAS', 'UTO-ORURO'),
('7286371', 'LEDO VARGAS NIELSEN DAMIAN', '79417470', '', 'A', 'INGENIERIA INFORMATICA', 'UTO-ORURO'),
('7286374', 'LEDO VARGAS ANGHELO GURIEF', '60411614', '', 'A', 'INGENIERIA DE SISTEMAS', 'UTO-ORURO'),
('7286508', 'RODRIGUEZ RODRIGUEZ NADIR', '75422132', '', 'A', 'INGENIERIA INFORMATICA', 'UTO-ORURO'),
('7287077', 'VILLEGAS HUALLPA ISABEL', '60402855', '', 'A', 'INGENIERIA INFORMATICA', 'UTO-ORURO'),
('7287233', 'ROJAS BARRETO DELIA', '65417323', 'delia_7tvxq-rbd@hotmail.com', '', 'INGENIERIA DE SISTEMAS', 'UTO-ORURO'),
('7287547', 'AJHUACHO CARASILA RAFAEL RODRIGO', '77158820', '', 'A', 'INGENIERIA DE SISTEMAS', 'UTO-ORURO'),
('7287697', 'SILVESTRE LOBO ANDREA LUISA', '61836193', '', '', 'INGENIERIA DE SISTEMAS', 'UTO-ORURO'),
('7287787', 'PAREDES AGUILAR MARISA ROCIO', '72329994', '', 'A', 'INGENIERIA INFORMATICA', 'UTO-ORURO'),
('7287803', 'CALIZAYA CHOQUE JONATHAN ISAIAS', '', '', 'A', 'INGENIERIA DE SISTEMAS', 'UTO-ORURO'),
('7288055', 'ZUBIETA ORIHUELA MARCELO', '', '', 'A', 'INGENIERIA DE SISTEMAS', 'UTO-ORURO'),
('7288094', 'LEDEZMA PEREZ DIANA', '61818432', '', 'A', 'INGENIERIA DE SISTEMAS', 'UTO-ORURO'),
('7288156', 'REBOZO PACA JHULENNIA MASSIEL', '', '', 'A', 'INGENIERIA DE SISTEMAS', 'UTO-ORURO'),
('7288285', 'ARREAÑO ROCABADO ALEJANDRO DORIAN JIMMY', '', '', 'A', 'INGENIERIA DE SISTEMAS', 'UTO-ORURO'),
('7288288', 'CALLAHUARA VILLCA OLIVER ANTONIO', '75406691', '', 'A', 'INGENIERIA INFORMATICA', 'UTO-ORURO'),
('7288295', 'GUZMAN DE LA BARRA ALEJANDRA ELIANA', '', '', 'A', 'INGENIERIA DE SISTEMAS', 'UTO-ORURO'),
('7288367', 'AYMA LLUSCO CAROL JENNY', '74767222', '', 'A', 'INGENIERIA DE SISTEMAS', 'UTO-ORURO'),
('7288426', 'MAMANI VIRACA MARCO ANTONIO', '', '', 'B', 'INGENIERIA DE SISTEMAS', 'UTO-ORURO'),
('7288453', 'MARCA MORALES GEOVANA KAREN', '', '', 'A', 'INGENIERIA DE SISTEMAS', 'UTO-ORURO'),
('7288906', 'NUÑEZ NUÑEZ CARLOS', '75719018', '', '', 'INGENIERIA INFORMATICA', 'UTO-ORURO'),
('7288947', 'QUISPE FLORES GIOVANNI HAROLD', '', '', 'A', 'INGENIERIA DE SISTEMAS', 'UTO-ORURO'),
('7288957', 'COLQUE VENTURA NOEMI ISABEL', '75708527', '', '', 'INGENIERIA DE SISTEMAS', 'UTO-ORURO'),
('7289136', 'CALLAPA COLQUE EDITH LILIAN', '77140570', '', 'A', 'INGENIERIA DE SISTEMAS', 'UTO-ORURO'),
('7289166', 'MENDOZA CALLEX WILSON MARCELO', '', '', 'A', 'INGENIERIA DE SISTEMAS', 'UTO-ORURO'),
('7289519', 'CRUZ VASQUEZ BRAYAN MATHIW', '75706187', '', 'A', 'INGENIERIA DE SISTEMAS', 'UTO-ORURO'),
('7289583', 'ARIAS VILLEGAS RODOLFO', '67236925', '', 'A', 'INGENIERIA DE SISTEMAS', 'UTO-ORURO'),
('7289584', 'JOSUE FRANZ ARIAS VILLEGAS', '67241741', '', '', 'FACULTAD DE ECONOMIA', 'UTO-ORURO'),
('7289673', 'FLORES CONDORI FRANKLIN', '75706345', '', 'A', 'INGENIERIA INFORMATICA', 'UTO-ORURO'),
('7289677', 'CHOQUE COPA LAURA', '60439589', '', 'A', 'INGENIERIA INFORMATICA', 'UTO-ORURO'),
('7289828', 'HURTADO MAMANI DIEGO MARTIN', '69582186', '', 'A', 'INGENIERIA DE SISTEMAS', 'UTO-ORURO'),
('7290035', 'CHOQUE QUISPE JIMENA', '69578744', '', 'A', 'INGENIERIA DE SISTEMAS', 'UTO-ORURO'),
('7290123', 'ESCOBAR COLQUE ROSEMARY', '', '', 'A', 'INGENIERIA DE SISTEMAS', 'UTO-ORURO'),
('7291910', 'FLORES CHURATA DEYMAR JOSE', '78615837', '', 'A', 'INGENIERIA DE SISTEMAS', 'UTO-ORURO'),
('7292332', 'COLQUE LIMA EUSEBIA', '75702073', '', 'A', 'INGENIERIA DE SISTEMAS', 'UTO-ORURO'),
('7292510', 'HUARACHI LIA MIGUEL ANGEL', '', '', 'A', 'INGENIERIA DE SISTEMAS', 'UTO-ORURO'),
('7292532', 'CHUNCHO POMA JOSE MANUEL', '72307383', '', 'A', 'INGENIERIA INFORMATICA', 'UTO-ORURO'),
('7292753', 'VIRACA ROSARIO', '', '', 'A', 'INGENIERIA DE SISTEMAS', 'UTO-ORURO'),
('7293037', 'VILLEGAS VILLCA CARLOS ANDRES', '70426416', '', 'A', 'INGENIERIA DE SISTEMAS', 'UTO-ORURO'),
('7293520', 'HUANCA FERNANDEZ SILVIA JUDITH', '73849515', '', '', 'INGENIERIA DE SISTEMAS', 'UTO - ORURO'),
('7293674', 'DIEGO CACERES JONATHAN OSCAR', '', '', 'A', 'INGENIERIA DE SISTEMAS', 'UTO-ORURO'),
('7294297', 'VELASCO MARTINEZ JULIO CESAR', '', '', 'A', 'INGENIERIA DE SISTEMAS', 'UTO-ORURO'),
('7294776', 'TACURI SOLIZ BEATRIZ DAYSI', '60406496', '', 'A', 'INGENIERIA DE SISTEMAS', 'UTO-ORURO'),
('7294792', 'LAFUENTE ROCHA ANDREA MEGAN', '69588125', '', 'A', 'INGENIERIA INFORMATICA', 'UTO-ORURO'),
('7295211', 'ING. ARIEL ROYMER GABRIEL TICONA', '', '', 'D', 'INGENIERIA DE SISTEMAS', 'UTO-ORURO'),
('7295255', 'ILACIO CRUZ ARMIN JAMIL', '70437349', '', '', 'INGENIERIA INFORMATICA', 'UTO-ORURO'),
('7295816', 'CARO COCA FREDDY LEON', '', '', 'A', 'INGENIERIA INFORMATICA', 'UTO-ORURO'),
('7296745', 'CHOQUE QUISPE YEFERSON', '', '', 'A', 'INGENIERIA DE SISTEMAS', 'UTO-ORURO'),
('7297034', 'RAMOS GRANDON ALBERTH NICOLAS', '', '', 'A', 'INGENIERIA DE SISTEMAS', 'UTO-ORURO'),
('7297632', 'SOLIZ HUANACO ERICK ALVARO', '67228760', '', 'A', 'INGENIERIA INFORMATICA', 'UTO-ORURO'),
('7297689', 'ASPIAZU CATAVILL VALERIA ISAMAR', '', '', 'A', 'INGENIERIA INFORMATICA', 'UTO-ORURO'),
('7297998', 'ACAPA CASTRO ISRAEL ROBER', '568995', 'sn@gmail.com', 'Estudiante', 'INGENIERIA INFORMATICA', 'UTO-ORURO'),
('7298568', 'MOLLINEDO CASTELLON RUBEN ARIEL', '68289916', '', 'A', 'INGENIERIA INFORMATICA', 'UTO-ORURO'),
('7298626', 'MENDOZA ORTEGA JORGE', '75717485', '', 'A', 'INGENIERIA DE SISTEMAS', 'UTO-ORURO'),
('7298766', 'MAMANI HERBAS ELVYS NILTON', '63652300', '', 'A', 'INGENIERIA INFORMATICA', 'UTO-ORURO'),
('7299319', 'FLORES CONDORI SAUL PABLO', '', '', 'A', 'INGENIERIA DE SISTEMAS', 'UTO-ORURO'),
('7299483', 'ATORA CALIZAYA RODNEY SHAMIR', '', '', 'C', 'INGENIERIA DE SISTEMAS', 'UTO-ORURO'),
('7299520', 'CHOQUE JOAQUIN LUIS GUSTAVO', '68301732', '', 'A', 'INGENIERIA INFORMATICA', 'UTO-ORURO'),
('7299556', 'BASILIO FERNANDEZ DINA DORIS', '75419234', '', 'A', 'INGENIERIA DE SISTEMAS', 'UTO-ORURO'),
('7299781', 'NINA NUÑEZ MARCO', '76222771', 'sn@gmail.com', 'A', 'INGENIERIA INFORMATICA', 'UTO-ORURO'),
('7302363', 'HUANCA CHALLAPA EDDY FERNANDO', '76140661', '', 'A', 'INGENIERIA DE SISTEMAS', 'UTO-ORURO'),
('7302683', 'CHAMBI APAZA RUBEN', '75410639', '', '', 'INGENIERIA DE SISTEMAS', 'UTO-ORURO'),
('7303797', 'PARRADO JALDIN JOSE MIGUEL', '', '', 'A', 'INGENIERIA DE SISTEMAS', 'UTO-ORURO'),
('7304324', 'VELA HERRERA LUCERO', '61283383', '', 'A', 'INGENIERIA DE SISTEMAS', 'UTO-ORURO'),
('7304559', 'MOLLINEDO CASTELLON MARIBEL', '68283737', '', 'A', 'INGENIERIA INFORMATICA', 'UTO-ORURO'),
('7305018', 'LEANDRO REYNAGA SAMUEL', '74105986', '', 'A', 'INGENIERIA INFORMATICA', 'UTO-ORURO'),
('7305026', 'LEANDRO REYNAGA RONALD', '', '', 'B', 'INGENIERIA DE SISTEMAS', 'UTO-ORURO'),
('7305132', 'CEPEDA CHACA NANCY ROSARIO', '69579290', '', 'B', 'INGENIERIA DE SISTEMAS', 'UTO-ORURO');
INSERT INTO `estudiante` (`ciestudiante`, `nombre`, `celular`, `correo`, `codigo`, `carrera`, `sede`) VALUES
('7305154', 'RODRIGUEZ GABRIEL KEVIN EDWIN', '', '', 'B', 'INGENIERIA DE SISTEMAS', 'UTO-ORURO'),
('7305609', 'CHOQUE IRAHOLA NOELIA ABRIL', '70429063', 'sn@gmail.com', 'A', 'INGENIERIA INFORMATICA', 'UTO-ORURO'),
('7305745', 'LUCAS NINA ERIKA BRISA', '78615587', '', 'A', 'INGENIERIA DE SISTEMAS', 'UTO-ORURO'),
('7305780', 'MAMANI SAAVEDRA RUDDY FERNANDO', '', '', 'A', 'INGENIERIA INFORMATICA', 'UTO-ORURO'),
('7305847', 'NINA VELIZ RONALDO', '', '', 'C', 'INGENIERIA DE SISTEMAS', 'UTO-ORURO'),
('7305885', 'VILLCA JORGE LUIS', '', '', 'A', 'INGENIERIA DE SISTEMAS', 'UTO-ORURO'),
('7306104', 'CHAMBI MAMANI RONALD', '73810474', '', 'A', 'INGENIERIA DE SISTEMAS', 'UTO-ORURO'),
('7306308', 'MARTINEZ FLORES JOEL', '74119669', '', '', 'INGENIERIA INFORMATICA', 'UTO-ORURO'),
('7306450', 'QUISPE LLAVE DANIEL', '67214615', '', 'A', 'INGENIERIA INFORMATICA', 'UTO-ORURO'),
('7306621', 'MAURICIO ARTEAGA ANDREA SALOME', '65411258', '', 'A', 'INGENIERIA INFORMATICA', 'UTO-ORURO'),
('7306778', 'ARI HUAYLLANI JHONNY', '69586519', '', 'A', 'INGENIERIA DE SISTEMAS', 'UTO-ORURO'),
('7307001', 'LEDEZMA QUISPE GONZALO RICHARD', '', '', 'A', 'INGENIERIA DE SISTEMAS', 'UTO-ORURO'),
('7307345', 'MICHAGA TARQUI VICTOR HUGO', '75411149', '', 'A', 'INGENIERIA DE SISTEMAS', 'UTO-ORURO'),
('7307689', 'PIZARRO TORREZ ROGER', '', '', 'A', 'INGENIERIA DE SISTEMAS', 'UTO-ORURO'),
('7307813', 'FLORES FLORES ELY ALFONSA', '67242255', '', 'A', 'INGENIERIA DE SISTEMAS', 'UTO-ORURO'),
('7308029', 'LUTINA MIMOR RODRIGO', '', '', 'A', 'INGENIERIA INFORMATICA', 'UTO-ORURO'),
('7308342', 'HUALCA COPATITI GROVER', '79429724', '', 'A', 'INGENIERIA INFORMATICA', 'UTO-ORURO'),
('7308475', 'CUBA CRISPIN JHESLY LEA', '', '', 'A', 'INGENIERIA DE SISTEMAS', 'UTO-ORURO'),
('7308607', 'CASANOVA GERONIMO GLORIA NIEVES', '', '', 'A', 'INGENIERIA DE SISTEMAS', 'UTO-ORURO'),
('7308720', 'LIPIRI VILLCA WILMER', '', '', 'C', 'INGENIERIA DE SISTEMAS', 'UTO-ORURO'),
('7308800', 'HUMEREZ LAZARO LIMBERTH', '70430526', '', 'B', 'INGENIERIA DE SISTEMAS', 'UTO-ORURO'),
('7308835', 'AGUIRRE CHOQUETOPA LUIS ALBERTO', '68331848', '', 'B', 'INGENIERIA DE SISTEMAS', 'UTO-ORURO'),
('7309871', 'SALLAMA CHOQUE ELVIS', '68307366', '', 'A', 'INGENIERIA DE SISTEMAS', 'UTO-ORURO'),
('7310099', 'MAMANI CARDENAS BRAYAN ARMANDO', '', '', 'A', 'INGENIERIA INFORMATICA', 'UTO-ORURO'),
('7310158', 'TENORIO POMA JHON', '76159234', '', 'A', 'INGENIERIA DE SISTEMAS', 'UTO-ORURO'),
('7310180', 'LOPEZ AQUINO JAIRO ISRAEL', '60405058', '', 'A', 'INGENIERIA DE SISTEMAS', 'UTO-ORURO'),
('7310225', 'VIDAL RODRIGUEZ GUSTAVO ALEN', '', '', 'A', 'INGENIERIA INFORMATICA', 'UTO-ORURO'),
('7310421', 'ARCE RIOS GISELA', '', '', 'A', 'INGENIERIA DE SISTEMAS', 'UTO-ORURO'),
('7310432', 'MAMANI MAMANI JUAN CARLOS', '', '', 'A', 'INGENIERIA INFORMATICA', 'UTO-ORURO'),
('7310454', 'CHOQUE ESPEJO MIGUEL ANGEL', '61829797', '', 'A', 'INGENIERIA INFORMATICA', 'UTO-ORURO'),
('7311027', 'CALLE CERROGRANDE MARISOL', '', '', 'A', 'INGENIERIA DE SISTEMAS', 'UTO-ORURO'),
('7311054', 'TOCO MITMA LIMBERT', '', '', 'A', 'INGENIERIA INFORMATICA', 'UTO-ORURO'),
('7311056', 'ERQUICIA MONZON ALBERTO', '', '', 'A', 'INGENIERIA INFORMATICA', 'UTO-ORURO'),
('7311222', 'ACHABAL VILLALPANDO WILLIAM MUCIO', '75402638', '', 'A', 'INGENIERIA DE SISTEMAS', 'UTO-ORURO'),
('7311431', 'FABIAN NINA ABRAHAM', '', '', 'A', 'INGENIERIA INFORMATICA', 'UTO-ORURO'),
('7311500', 'ALMANZA ENRIQUEZ GIANCARLO ZAID', '', '', 'A', 'INGENIERIA DE SISTEMAS', 'UTO-ORURO'),
('7311566', 'FERNANDEZ MAMANI MACGIVER', '', '', 'A', 'INGENIERIA DE SISTEMAS', 'UTO-ORURO'),
('7312218', 'USMAYO BLANCO VANIA INES', '', '', 'A', 'INGENIERIA DE SISTEMAS', 'UTO-ORURO'),
('7312280', 'CABEZAS GUTIERREZ ALEX ABRAHAM', '60433940', '', 'A', 'INGENIERIA DE SISTEMAS', 'UTO-ORURO'),
('7312605', 'MAMANI CUELLAR ABEL', '', '', 'A', 'INGENIERIA DE SISTEMAS', 'UTO-ORURO'),
('7312895', 'PACA ARCOS LUCIO', '', '', 'B', 'INGENIERIA DE SISTEMAS', 'UTO-ORURO'),
('7312953', 'LUNA ALA WILLIAM BETO', '', '', 'A', 'INGENIERIA DE SISTEMAS', 'UTO-ORURO'),
('7312996', 'YAPARI COPA DITKA ISABEL', '76150205', '', 'A', 'INGENIERIA DE SISTEMAS', 'UTO-ORURO'),
('7313006', 'SALVATIERRA DAMIAN HENRY WILLIAM', '69596886', '', '', 'INGENIERIA DE SISTEMAS', 'UTO-ORURO'),
('7313922', 'LAIME CHOQUETICLLA DANIELA', '74151477', '', 'A', 'INGENIERIA DE SISTEMAS', 'UTO-ORURO'),
('7314011', 'TARQUI MARAZA MARY ISABEL', '77159094', '', 'B', 'INGENIERIA DE SISTEMAS', 'UTO-ORURO'),
('7314012', 'TARQUI MARAZA RONALD', '69344312', '', 'B', 'INGENIERIA DE SISTEMAS', 'UTO-ORURO'),
('7314386', 'VARGAS MAMANI JAVIER RONALDO', '', '', 'A', 'INGENIERIA DE SISTEMAS', 'UTO-ORURO'),
('7315030', 'HURTADO CHACA WILDER KEVIN', '72346113', '', 'B', 'INGENIERIA DE SISTEMAS', 'UTO-ORURO'),
('7315157', 'TITI COPACALLE HILDA', '63668262', '', 'B', 'INGENIERIA DE SISTEMAS', 'UTO-ORURO'),
('7315246', 'MARTINEZ LLAVE GONZALO FRANCO', '74111395', '', 'B', 'INGENIERIA DE SISTEMAS', 'UTO-ORURO'),
('7315313', 'RIOS LLANTO ESTER', '75700684', '', 'B', 'INGENIERIA DE SISTEMAS', 'UTO-ORURO'),
('7315872', 'CONDORI MAMANI ARIEL', '69603622', '', 'A', 'INGENIERIA DE SISTEMAS', 'UTO-ORURO'),
('7316085', 'VARGAS AGUILAR SAMUEL JOSUE', '', '', 'A', 'INGENIERIA INFORMATICA', 'UTO-ORURO'),
('7316105', 'MOYA TRONCOSO JORGE MIGUEL', '79413378', '', 'A', 'INGENIERIA DE SISTEMAS', 'UTO-ORURO'),
('7316207', 'FUENTES COLQUE EDGAR', '', '', 'A', 'INGENIERIA DE SISTEMAS', 'UTO-ORURO'),
('7316224', 'JALLAZA CHOQUE MARIA LISBETH', '60422661', '', 'A', 'INGENIERIA DE SISTEMAS', 'UTO-ORURO'),
('7316254', 'HERRERA ROCHA XAXA LEE MISHEL', '61826943', '', 'A', 'INGENIERIA INFORMATICA', 'UTO-ORURO'),
('7316348', 'ATAHUICHI MAMANI LUIS ALBERTO', '', '', 'A', 'INGENIERIA DE SISTEMAS', 'UTO-ORURO'),
('7316409', 'TABOADA MENDOZA GABRIEL JONATAN', '', '', 'A', 'INGENIERIA DE SISTEMAS', 'UTO-ORURO'),
('7316483', 'EGR. LIZETH RUBY  MAMANI FLORES', '72345803', '', '', 'INGENIERIA DE  SISTEMAS', 'UTO-ORURO'),
('7316523', 'GUZMAN LEON JAVIER', '77159262', '', 'A', 'INGENIERIA INFORMATICA', 'UTO-ORURO'),
('7316985', 'ARAPI GUTIERREZ EDMY CAROLA', '68352539', '', 'A', 'INGENIERIA DE SISTEMAS', 'UTO-ORURO'),
('7317440', 'HUANCA VITINGAY MARCO ANTONIO', '', '', 'A', 'INGENIERIA DE SISTEMAS', 'UTO-ORURO'),
('7317470', 'ZUBIETA CHOQUE JOSE RODOLFO GREGORY', '', '', 'A', 'INGENIERIA INFORMATICA', 'UTO-ORURO'),
('7317488', 'RAMIREZ CORTEZ VICTOR MANUEL', '77156100', '', 'A', 'INGENIERIA DE SISTEMAS', 'UTO-ORURO'),
('7317791', 'CORDOVA ARONI CELIA GABRIELA', '', '', 'A', 'INGENIERIA INFORMATICA', 'UTO-ORURO'),
('7318020', 'LUCANA FLORES FERNANDO RODRIGO', '', '', 'A', 'INGENIERIA DE SISTEMAS', 'UTO-ORURO'),
('7318274', 'AGREDA VALVERDE ANTONIO GERARDO', '', '', 'A', 'INGENIERIA DE SISTEMAS', 'UTO-ORURO'),
('7318342', 'CHOQUE GARECA MICHAEL VICTOR', '', '', 'A', 'INGENIERIA DE SISTEMAS', 'UTO-ORURO'),
('7318645', 'MAMANI LIRA TANIA VANESA', '', '', 'A', 'INGENIERIA DE SISTEMAS', 'UTO-ORURO'),
('7318947', 'SARMIENTO LOPEZ CARLOS ALBERTO', '', '', 'A', 'INGENIERIA DE SISTEMAS', 'UTO-ORURO'),
('7319100', 'CHOQUE RODRIGUEZ DAVID VENANCIO', '', '', 'A', 'INGENIERIA DE SISTEMAS', 'UTO-ORURO'),
('7319102', 'CHOQUE RODRIGUEZ LUIS', '', '', 'B', 'INGENIERIA DE SISTEMAS', 'UTO-ORURO'),
('7319104', 'CHOQUE CHOQUETOPA DANIEL', '', '', 'A', 'INGENIERIA DE SISTEMAS', 'UTO-ORURO'),
('7319193', 'ARI CONDORI ZULMA ALEJANDRA', '', '', 'B', 'INGENIERIA DE SISTEMAS', 'UTO-ORURO'),
('7319402', 'VICUÑA QUISPIA FREDDY', '60418812', '', '', 'INGENIERIA DE SISTEMAS', 'UTO-ORURO'),
('7319658', 'LIMACHI MONTECINOS JORGE JONATHAN', '', '', 'A', 'INGENIERIA DE SISTEMAS', 'UTO-ORURO'),
('7319758', 'CONDORI YUCRA FRANKLIN', '', '', 'A', 'INGENIERIA DE SISTEMAS', 'UTO-ORURO'),
('7319892', 'TICONA MOLINA MESIAS DAVID', '', '', 'A', 'INGENIERIA DE SISTEMAS', 'UTO-ORURO'),
('7320396', 'AGUILAR FERNANDEZ YHEISON HENRY', '68298394', '', 'A', 'INGENIERIA INFORMATICA', 'UTO-ORURO'),
('7320761', 'MERCADO ALVAREZ JACOB ALAN', '75717193', '', 'A', 'INGENIERIA INFORMATICA', 'UTO-ORURO'),
('7320926', 'CALIZAYA MONTOYA IVAN FREDDY', '79410221', '', 'A', 'INGENIERIA DE SISTEMAS', 'UTO-ORURO'),
('7321203', 'ROJAS RIOS JORGE JULIO', '', '', 'A', 'INGENIERIA DE SISTEMAS', 'UTO-ORURO'),
('7321224', 'FLORES ZUÑIGA RONALD', '61810356', '', 'A', 'INGENIERIA DE SISTEMAS', 'UTO-ORURO'),
('7321237', 'PUÑA PACO EDDY JUVENAL', '72306243', '', 'A', 'INGENIERIA DE SISTEMAS', 'UTO-ORURO'),
('7321254', 'QUIROGA CONDORI GABRIELA MIREYA', '75401495', '', 'A', 'INGENIERIA DE SISTEMAS', 'UTO-ORURO'),
('7321260', 'ALIAGA NOGALES EDWIN AGUSTIN', '', '', 'A', 'INGENIERIA DE SISTEMAS', 'UTO-ORURO'),
('7321530', 'MERCADO CORTEZ RICARDO', '69533783', '', 'A', 'INGENIERIA DE SISTEMAS', 'UTO-ORURO'),
('7321569', 'JUNTUTA APAZA JULIA NOEMI', '', '', 'A', 'INGENIERIA DE SISTEMAS', 'UTO-ORURO'),
('7321657', 'FELIPE ROMAN CLAUDIA', '', '', 'A', 'INGENIERIA INFORMATICA', 'UTO-ORURO'),
('7321723', 'APAZA TARQUI RAMIRO', '', '', 'A', 'INGENIERIA DE SISTEMAS', 'UTO-ORURO'),
('7321944', 'LLANQUE MENDOZA DAVID EMANUEL', '75416837', '', 'A', 'INGENIERIA DE SISTEMAS', 'UTO-ORURO'),
('7322138', 'VILLAGRA VALLEJOS MARIE DEL CARMEN', '', '', 'A', 'INGENIERIA DE SISTEMAS', 'UTO-ORURO'),
('7322476', 'CHECA CRUZ YESICA', '67212444', '', 'A', 'INGENIERIA DE SISTEMAS', 'UTO-ORURO'),
('7322599', 'PATZI CHOQUE JORGE LUIS', '79410598', '', 'B', 'INGENIERIA DE SISTEMAS', 'UTO-ORURO'),
('7322602', 'DELGADILLO RAMALLO WENDY IZLENE', '72353519', '', 'A', 'INGENIERIA DE SISTEMAS', 'UTO-ORURO'),
('7322884', 'SUAREZ MAMANI MIGUEL ANGEL', '73823339', '', 'A', 'INGENIERIA INFORMATICA', 'UTO-ORURO'),
('7323327', 'PEREZ YAPARI MARCO ANTONIO', '', '', 'A', 'INGENIERIA DE SISTEMAS', 'UTO-ORURO'),
('7323514', 'PORREZ HERRERA ANDREA FATIMA', '78600574', '', 'A', 'INGENIERIA DE SISTEMAS', 'UTO-ORURO'),
('7323649', 'ALANOCA CONDARCO JOSE JONATHAN', '63659621', '', 'A', 'INGENIERIA DE SISTEMAS', 'UTO-ORURO'),
('7323657', 'ALVAREZ AJHUACHO VANESSA CECILIA', '75414214', '', 'A', 'INGENIERIA DE SISTEMAS', 'UTO-ORURO'),
('7323676', 'UGARTE TORREZ JENNY LAURA', '60404905', '', 'A', 'INGENIERIA INFORMATICA', 'UTO-ORURO'),
('7323752', 'CHOQUE GUTIERREZ LOIDA', '', '', 'A', 'INGENIERIA INFORMATICA', 'UTO-ORURO'),
('7323808', 'CHOQUE CHOQUENAIRA JHOSSELIN', '', '', 'A', 'INGENIERIA DE SISTEMAS', 'UTO-ORURO'),
('7323963', 'COTA YUCRA KAREN CLAUDIA', '78607592', '', 'A', 'INGENIERIA INFORMATICA', 'UTO-ORURO'),
('7324670', 'PAILLO CHIRILLA DANIEL EVO', '72458489', '', 'A', 'INGENIERIA INFORMATICA', 'UTO-ORURO'),
('7324865', 'QUISPE FLORES CRISTIAN REYNALDO', '', '', 'A', 'INGENIERIA DE SISTEMAS', 'UTO-ORURO'),
('7324942', 'RIOS DAZA LUDWIN ARGEL', '67251643', '', 'A', 'INGENIERIA DE SISTEMAS', 'UTO-ORURO'),
('7325220', 'COAQUIRA LOPEZ RAMIRO JOSE', '', '', 'A', 'INGENIERIA DE SISTEMAS', 'UTO-ORURO'),
('7325674', 'GUTIERREZ ACHATA NOEMI LUZ', '72571828', '', 'A', 'INGENIERIA INFORMATICA', 'UTO-ORURO'),
('7325727', 'VARGAS HUARACHI DANIEL RONALD', '', '', 'A', 'INGENIERIA DE SISTEMAS', 'UTO-ORURO'),
('7325771', 'MORALES LAURA SANTOS REYNALDO', '68321098', '', 'A', 'INGENIERIA DE SISTEMAS', 'UTO-ORURO'),
('7325783', 'CHAMBI CAYOJA DANIELA ALEJANDRA', '70424853', '', 'A', 'INGENIERIA DE SISTEMAS', 'UTO-ORURO'),
('7326035', 'CONDARCO BELTRAN RAQUEL SARINA', '79400358', '', 'A', 'INGENIERIA DE SISTEMAS', 'UTO-ORURO'),
('7326403', 'LEDEZMA AGUILAR JOHN CRISTIAN', '77145024', '', 'A', 'INGENIERIA DE SISTEMAS', 'UTO-ORURO'),
('7326499', 'FELIPE MAMANI TEODORO', '', '', 'A', 'INGENIERIA INFORMATICA', 'UTO-ORURO'),
('7326724', 'BRAVO MENA WILDER NANDO', '', '', 'A', 'INGENIERIA INFORMATICA', 'UTO-ORURO'),
('7327102', 'CHANEZ DIAZ CARLOS ALFREDO', '', '', 'A', 'INGENIERIA INFORMATICA', 'UTO-ORURO'),
('7327137', 'MUJICA CAYOJA FRANCO ALIEN', '', '', 'A', 'INGENIERIA INFORMATICA', 'UTO-ORURO'),
('7327238', 'MAMANI BEDOYA JORGE', '61810415', '', 'A', 'INGENIERIA DE SISTEMAS', 'UTO-ORURO'),
('7327308', 'POMA MENACHO FRANZ ANTONY', '79429147', '', 'A', 'INGENIERIA INFORMATICA', 'UTO-ORURO'),
('7327334', 'FERNANDEZ FLORES RODRIGO ALEJANDRO', '', '', 'B', 'INGENIERIA DE SISTEMAS', 'UTO-ORURO'),
('7327559', 'MAIZO SOLARES RUTH', '', '', 'A', 'INGENIERIA INFORMATICA', 'UTO-ORURO'),
('7327623', 'CRUZ GUTIERREZ GILMAR JESUS', '', '', 'A', 'INGENIERIA DE SISTEMAS', 'UTO-ORURO'),
('7328696', 'VELIZ BUENO LISBETH', '', '', 'A', 'INGENIERIA INFORMATICA', 'UTO-ORURO'),
('7328931', 'MENDOZA CHOQUETICLLA MIGUEL ANGEL', '', '', 'A', 'INGENIERIA DE SISTEMAS', 'UTO-ORURO'),
('7329183', 'ALVAREZ COPACALLE HENRY', '76151605', '', 'A', 'INGENIERIA DE SISTEMAS', 'UTO-ORURO'),
('7329225', 'QUISPE PEDREGAL ELIAS SAMUEL', '61833486', '', 'A', 'INGENIERIA DE SISTEMAS', 'UTO-ORURO'),
('7329452', 'PORRES SAAVEDRA JHASMANI FARIT', '', '', 'A', 'INGENIERIA INFORMATICA', 'UTO-ORURO'),
('7329555', 'COLQUE CONDORI JORGE RUBEN', '', '', 'A', 'INGENIERIA DE SISTEMAS', 'UTO-ORURO'),
('7329584', 'CONDORI OCHOA DAYANA KIMBERLY', '62092005', '', '', 'INGENIERIA DE SISTEMAS', 'UTO-ORURO'),
('7329594', 'IGNACIO PEREZ ROSSIO', '', '', 'A', 'INGENIERIA DE SISTEMAS', 'UTO-ORURO'),
('7329658', 'OCAPO AGUILAR RODRIGO ALEJANDRO', '', '', 'A', 'INGENIERIA INFORMATICA', 'UTO-ORURO'),
('7329724', 'HUARACHI LERO JHONNATAN ORLANDO', '', '', 'A', 'INGENIERIA INFORMATICA', 'UTO-ORURO'),
('7329943', 'RAMIREZ VARELA GRACIELA ALEJANDRA', '79404226', '', 'A', 'INGENIERIA INFORMATICA', 'UTO-ORURO'),
('7329947', 'QUISBERT OJEDA DIANA NICOLE', '67257993', '', 'A', 'INGENIERIA DE SISTEMAS', 'UTO-ORURO'),
('7330166', 'MONTOYA LOPEZ ABEL ALEJANDRO', '72491768', '', '', 'INGENIERIA DE SISTEMAS', 'UTO - ORURO'),
('7330770', 'QUISPE HUARACHI ELMER RONY', '', '', 'A', 'INGENIERIA DE SISTEMAS', 'UTO-ORURO'),
('7331347', 'CALLE NUÑEZ OSCAR GABRIEL', '75705026', '', 'A', 'INGENIERIA DE SISTEMAS', 'UTO-ORURO'),
('7331535', 'BALTAZAR CASTELLON CRISTIAN', '', '', 'A', 'INGENIERIA DE SISTEMAS', 'UTO-ORURO'),
('7331882', 'FLORES FLORES JOSE MARCELO', '', '', 'A', 'INGENIERIA DE SISTEMAS', 'UTO-ORURO'),
('7331983', 'FLORES MIRANDA ELMER', '65406855', '', 'A', 'INGENIERIA INFORMATICA', 'UTO-ORURO'),
('7332326', 'PACO SANCHEZ MARCO ANDRES', '', '', 'A', 'INGENIERIA DE SISTEMAS', 'UTO-ORURO'),
('7332465', 'LOPEZ POMA VERONICA LUCIA', '78616830', '', 'A', 'INGENIERIA DE SISTEMAS', 'UTO-ORURO'),
('7332555', 'SALASQUISPE MAMANI ERWIN CRISTIAN', '78602288', '', 'A', 'INGENIERIA INFORMATICA', 'UTO-ORURO'),
('7333026', 'AYMAYA CONDORI FREDDY', '70416753', '', 'A', 'INGENIERIA DE SISTEMAS', 'UTO-ORURO'),
('7333039', 'SANCHEZ ARANCIBIA JOSE MARIA', '78602237', '', 'B', 'INGENIERIA DE SISTEMAS', 'UTO-ORURO'),
('7333049', 'GARCIA ESCARZA MEGUMY ROCIO', '', '', 'A', 'INGENIERIA INFORMATICA', 'UTO-ORURO'),
('7333586', 'PORREZ ZABALA EDWIN ARAMIZ', '78607244', '', 'A', 'INGENIERIA DE SISTEMAS', 'UTO-ORURO'),
('7333648', 'GERONIMO COPA WILDER GERMAN', '71106063', '', 'A', 'INGENIERIA INFORMATICA', 'UTO-ORURO'),
('7334007', 'FERNANDEZ CHOQUE FRANCK ANTONIO', '75429328', '', 'A', 'INGENIERIA DE SISTEMAS', 'UTO-ORURO'),
('7334048', 'LOZANO HERRERA ARMANDO', '77147267', 'sn@gmail.com', 'A', 'INGENIERIA INFORMATICA', 'UTO-ORURO'),
('7334074', 'ARQUIPINO MAMANI LISBETH JOHANNA', '61814299', 'sn@gmail.com', 'A', 'INGENIERIA DE SISTEMAS', 'UTO-ORURO'),
('7334078', 'MARAZ FLORES ADRIANA', '67258838', '', 'A', 'INGENIERIA DE SISTEMAS', 'UTO-ORURO'),
('7334247', 'MONTOYA GARCIA GABRIEL BRANDON', '', '', 'A', 'INGENIERIA INFORMATICA', 'UTO-ORURO'),
('7334656', 'TOLA CRUZ GASTON GREGORIO', '69925808', 'sn@gmail.com', 'A', 'INGENIERIA INFORMATICA', 'UTO-ORURO'),
('7334759', 'VILLEGAS CHAMBI CARLOS HUGO', '', '', 'A', 'INGENIERIA DE SISTEMAS', 'UTO-ORURO'),
('7335056', 'BAUTISTA CHOQUE EDWIN', '', '', 'A', 'INGENIERIA INFORMATICA', 'UTO-ORURO'),
('7335394', 'GONZALES CHAVARRIA JAVIER LEVIS', '', '', 'A', 'INGENIERIA INFORMATICA', 'UTO-ORURO'),
('7336199', 'CHAMBI AJATA ADIMER PAUL', '69603027', 'sn@gmail.com', 'Estudiante', 'INGENIERIA INFORMATICA', 'UTO-ORURO'),
('7336244', 'IGNACIO HUAYLLANI MILTON', '', '', 'A', 'INGENIERIA DE SISTEMAS', 'UTO-ORURO'),
('7336543', 'PINAYA HUARACHI HERBET MEYER', '', '', 'A', 'INGENIERIA INFORMATICA', 'UTO-ORURO'),
('7336654', 'CHAMBI VILLCA CRISTIAN FERNANDO', '69580968', '', 'A', 'INGENIERIA DE SISTEMAS', 'UTO-ORURO'),
('7337204', 'MANCILLA AYMURO KAREN', '74136211', 'sn@gmail.com', 'A', 'INGENIERIA DE SISTEMAS', 'UTO-ORURO'),
('7337212', 'VENTURA SAJAMA JOSE LESEN', '68358396', '', 'A', 'INGENIERIA INFORMATICA', 'UTO-ORURO'),
('7337245', 'VARGAS FORONDA GERMAN TOMAS', '65424044', '', 'A', 'INGENIERIA DE SISTEMAS', 'UTO-ORURO'),
('7337527', 'CALIZAYA IBARRA MILTON', '', '', 'A', 'INGENIERIA DE SISTEMAS', 'UTO-ORURO'),
('7337574', 'YUPANQUI MENDOZA JORGE ORLANDO', '', '', 'A', 'INGENIERIA INFORMATICA', 'UTO-ORURO'),
('7338385', 'PAREDES LOPEZ DANIEL', '', '', 'A', 'INGENIERIA DE SISTEMAS', 'UTO-ORURO'),
('7338494', 'ROCHA CHOQUE KEVIN', '', '', 'A', 'INGENIERIA DE SISTEMAS', 'UTO-ORURO'),
('7338495', 'ROCHA CHOQUE ALVARO', '', '', 'A', 'INGENIERIA DE SISTEMAS', 'UTO-ORURO'),
('7338523', 'RAMIREZ GUAYGUA SANDRA PAMELA', '61837449', '', 'A', 'INGENIERIA DE SISTEMAS', 'UTO-ORURO'),
('7338695-1I', 'VARGAS RIVERO MARIBEL', '68316515', '', 'A', 'INGENIERIA DE SISTEMAS', 'UTO-ORURO'),
('7338913', 'CUAQUIRA MENDOZA JOSE MIGUEL', '', '', 'A', 'INGENIERIA INFORMATICA', 'UTO-ORURO'),
('7339526', 'GUZMAN AMONZABEL HUMBERTO MARVIN', '', '', 'A', 'INGENIERIA DE SISTEMAS', 'UTO-ORURO'),
('7341040', 'CRUZ PIZARRO JOAQUIN', '61822926', '', 'A', 'INGENIERIA INFORMATICA', 'UTO-ORURO'),
('7341150', 'MAGNE CANAVIRI WILDER ROGER', '75428362', '', 'A', 'INGENIERIA DE SISTEMAS', 'UTO-ORURO'),
('7341235', 'FLORES FLORES ARMINDA', '67242255', '', 'A', 'INGENIERIA DE SISTEMAS', 'UTO-ORURO'),
('7342018', 'LLUSCO CHOQUE JULIO CESAR', '', '', 'A', 'INGENIERIA DE SISTEMAS', 'UTO-ORURO'),
('7342243', 'BERNABE MAMANI MELANI JAEL', '', '', 'A', 'INGENIERIA DE SISTEMAS', 'UTO-ORURO'),
('7342402', 'ARAMAYO BLACUTT OMAR IVO', '72453292', '', 'A', 'INGENIERIA INFORMATICA', 'UTO-ORURO'),
('7342555', 'RAMIREZ BLACUTT KEVIN ARTURO', '', '', 'A', 'INGENIERIA DE SISTEMAS', 'UTO-ORURO'),
('7342627', 'MAYTA ENCINAS RONALD DAVID', '61828843', '', 'A', 'INGENIERIA DE SISTEMAS', 'UTO-ORURO'),
('7342794', 'ENRIQUEZ AJATA ADEMAR VICTOR', '72489223', '', 'A', 'INGENIERIA DE SISTEMAS', 'UTO-ORURO'),
('7343196', 'FRANCO QUINSAMOLLE SINFORIANO', '72305691', '', 'A', 'INGENIERIA INFORMATICA', 'UTO-ORURO'),
('7343316', 'ARCE PEREZ YESSICA KAREN', '77156663', '', 'A', 'INGENIERIA DE SISTEMAS', 'UTO-ORURO'),
('7343584', 'CONDARCO REYNAGA SANDY', '', '', 'A', 'INGENIERIA DE SISTEMAS', 'UTO-ORURO'),
('7343740', 'QUISPE ONOFRE ERIKA ANDREA', '', '', 'C', 'INGENIERIA DE SISTEMAS', 'UTO-ORURO'),
('7343855', 'CERROGRANDE SANCHEZ RAYZA ISABEL', '68309217', '', 'A', 'INGENIERIA DE SISTEMAS', 'UTO-ORURO'),
('7343891', 'RUEDA VELASCO ANDRES PABLO', '', '', 'A', 'INGENIERIA INFORMATICA', 'UTO-ORURO'),
('7344045', 'CHOQUETICLLA CESPEDES MIGUEL ANGEL', '61814518', '', 'B', 'INGENIERIA DE SISTEMAS', 'UTO-ORURO'),
('7344101', 'SANTOS SALINAS ISABEL TONY', '77142023', '', 'A', 'INGENIERIA INFORMATICA', 'UTO-ORURO'),
('7344282', 'GARCIA GARNICA CARLOS ENRIQUE', '', '', 'A', 'INGENIERIA INFORMATICA', 'UTO-ORURO'),
('7344327', 'GONZALES AGUILAR JOEL', '76154702', '', 'A', 'INGENIERIA DE SISTEMAS', 'UTO-ORURO'),
('7344725', 'ESCOBAR ACHACOLLO LETICIA', '', '', 'A', 'INGENIERIA DE SISTEMAS', 'UTO-ORURO'),
('7345209', 'PEÑA FERNANDEZ ALISON ALEJANDRA', '71102528', '', 'A', 'INGENIERIA DE SISTEMAS', 'UTO-ORURO'),
('7346115', 'ALA ACHACOLLO GUIDO ALBERTO', '61820523', '', 'A', 'INGENIERIA DE SISTEMAS', 'UTO-ORURO'),
('7346630', 'MAMANI CERROGRANDE ZELINA', '74479049', '', 'A', 'INGENIERIA DE SISTEMAS', 'UTO-ORURO'),
('7346868', 'USCAMAITA RAMOS CRISTIAN', '68296161', '', 'A', 'INGENIERIA DE SISTEMAS', 'UTO-ORURO'),
('7347132', 'GABRIEL SILVESTRE AYDA', '67237194', '', 'A', 'INGENIERIA DE SISTEMAS', 'UTO-ORURO'),
('7347350', 'GOMEZ BERNAL BEYMAR PLACIDO', '69604666', '', 'A', 'INGENIERIA DE SISTEMAS', 'UTO-ORURO'),
('7348020', 'VILLALOBOS MAMANI YOSELYN MAGALI', '72314865', '', 'A', 'INGENIERIA DE SISTEMAS', 'UTO-ORURO'),
('7348898', 'TAPIA DOMINGUEZ CARLOS DAMIAN', '', '', 'A', 'INGENIERIA INFORMATICA', 'UTO-ORURO'),
('7349368', 'CONDORI TICONA IVAN GARY', '', '', 'A', 'INGENIERIA DE SISTEMAS', 'UTO-ORURO'),
('7349705', 'CHOQUE NINA RUTH XIMENA', '78632516', '', 'A', 'INGENIERIA DE SISTEMAS', 'UTO-ORURO'),
('7349844', 'VELASQUEZ CHOQUECALLATA RAFAEL HERLAND', '72338213', '', 'A', 'INGENIERIA INFORMATICA', 'UTO-ORURO'),
('7350467', 'ESCOBAR MOLLO JHONATHAN FERNANDO', '73837173', '', 'A', 'INGENIERIA DE SISTEMAS', 'UTO-ORURO'),
('7350599', 'HUANDIA TORREZ DAVID ALEJANDRO', '', '', 'A', 'INGENIERIA INFORMATICA', 'UTO-ORURO'),
('7350933', 'SOLIZ ROSAS LIZET', '78603770', '', 'A', 'INGENIERIA DE SISTEMAS', 'UTO-ORURO'),
('7350990', 'CANAVIRI LUTINO JOSE ARMANDO', '', '', 'A', 'INGENIERIA DE SISTEMAS', 'UTO-ORURO'),
('7351036', 'PINAYA VILLEGAS JOSAM ELIEZER', '78600264', '', 'A', 'INGENIERIA INFORMATICA', 'UTO-ORURO'),
('7351494', 'VARGAS CAYOJA PABLO DANIEL', '', '', 'A', 'INGENIERIA INFORMATICA', 'UTO-ORURO'),
('7352158', 'MAMANI AYALA MONICA', '61837380', '', 'A', 'INGENIERIA DE SISTEMAS', 'UTO-ORURO'),
('7352199', 'SOTO ARI JHOVANA', '60430228', '', '', 'INGENIERIA DE SISTEMAS', 'UTO-ORURO'),
('7352256', 'CARVAJAL ROCHA FABIOLA ELIANA', '67225121', '', 'B', 'INGENIERIA DE SISTEMAS', 'UTO-ORURO'),
('7352320', 'BLANCO QUISPE JHONNY', '79401523', '', 'A', 'INGENIERIA DE SISTEMAS', 'UTO-ORURO'),
('7352409', 'CHOQUE LOPEZ EDWIN', '69604414', '', 'A', 'INGENIERIA INFORMATICA', 'UTO-ORURO'),
('7352436', 'HUANCA CHALLAPA JOEL', '', '', 'A', 'INGENIERIA INFORMATICA', 'UTO-ORURO'),
('7352730', 'APAZA CANAVIRI VIANA MARI', '', '', 'A', 'INGENIERIA DE SISTEMAS', 'UTO-ORURO'),
('7353088', 'BERNABE AGUILAR PAOLA ALEJANDRA', '75710338', '', 'A', 'INGENIERIA DE SISTEMAS', 'UTO-ORURO'),
('7353089', 'FLORES LAZARO ELVA', '72335079', '', '', 'INGENIERIA DE SISTEMAS', 'UTO-ORURO'),
('7353215', 'YUCRA PAREDEZ MIGUEL ANGEL', '', '', 'A', 'INGENIERIA INFORMATICA', 'UTO-ORURO'),
('7353263', 'MIRANDA ANTEZANA JOSE', '70421870', '', 'A', 'INGENIERIA DE SISTEMAS', 'UTO-ORURO'),
('7353281', 'RIOS SALGADO MELISSA LUZ', '72334379', '', 'A', 'INGENIERIA DE SISTEMAS', 'UTO-ORURO'),
('7353557', 'CHOQUE COLQUE MELINA ELENA', '61666025', '', 'A', 'INGENIERIA DE SISTEMAS', 'UTO-ORURO'),
('7353827', 'MAMANI ATANACIO LIZETTE NOEMI', '75715765', '', '', 'INGENIERIA DE SISTEMAS', 'UTO-ORURO'),
('7353951', 'MOROCHI VELIZ LUIS ALBERTO', '', '', 'C', 'INGENIERIA DE SISTEMAS', 'UTO-ORURO'),
('7354024', 'GONZALES ROJAS FELMAN MARCELO', '', '', 'A', 'INGENIERIA DE SISTEMAS', 'UTO-ORURO'),
('7354197', 'VELASQUEZ MAMANI MIGUEL ANGEL', '74472653', '', 'A', 'INGENIERIA INFORMATICA', 'UTO-ORURO'),
('7354277', 'IGNACIO MIMOR ROCIO ALCIRA', '', '', 'A', 'INGENIERIA INFORMATICA', 'UTO-ORURO'),
('7354311', 'CONDORI QUISPE VIVIAN', '', '', 'B', 'INGENIERIA DE SISTEMAS', 'UTO-ORURO'),
('7354361', 'PALMA SALAZAR JAMIL BRIAN', '69581405', '', 'A', 'INGENIERIA INFORMATICA', 'UTO-ORURO'),
('7354385', 'RODRIGUEZ MAGNE CAROL DAYANA', '73315816', '', '', 'INGENIERIA DE SISTEMAS', 'UTO-ORURO'),
('7354788', 'CRISPIN TITICHOCA JHONATAN KEVIN', '', '', 'A', 'INGENIERIA INFORMATICA', 'UTO-ORURO'),
('7355580', 'CONDORI CHAVEZ MIGUEL DAVID', '61662328', '', 'A', 'INGENIERIA DE SISTEMAS', 'UTO-ORURO'),
('7355654', 'AGUILAR YUCRA BRAYAN DAVID', '', '', 'A', 'INGENIERIA INFORMATICA', 'UTO-ORURO'),
('7355655', 'LUNA SULLCATA ALIZON DAYANA', '', '', 'A', 'INGENIERIA DE SISTEMAS', 'UTO-ORURO'),
('7355748', 'CONDORI PANTOJA DANIELA LUCERO', '', '', 'A', 'INGENIERIA DE SISTEMAS', 'UTO-ORURO'),
('7356321', 'RIVERA OJEDA MELANY ANDREA', '', '', 'A', 'INGENIERIA DE SISTEMAS', 'UTO-ORURO'),
('7356635', 'OROSCO CONTRERAS JHON ARIEL', '', '', 'A', 'INGENIERIA INFORMATICA', 'UTO-ORURO'),
('7356775', 'ANCALLE YUCRA DIEGO ORLANDO', '76153767', '', 'A', 'INGENIERIA INFORMATICA', 'UTO-ORURO'),
('7356816', 'COPA CORPUS MARCO ANTONIO', '', '', 'A', 'INGENIERIA DE SISTEMAS', 'UTO-ORURO'),
('7357101', 'QUIÑONES RUEDA JUAN DANIEL', '77143539', '', 'A', 'INGENIERIA INFORMATICA', 'UTO-ORURO'),
('7357254', 'FLORES CALIZAYA JONATAN DANIEL', '', '', 'A', 'INGENIERIA DE SISTEMAS', 'UTO-ORURO'),
('7358535', 'ZELAYA CALSINA ALEXANDER', '75423440', '', 'A', 'INGENIERIA INFORMATICA', 'UTO-ORURO'),
('7358541', 'HUARAYO MAMANI CRISTOBAL', '', '', 'A', 'INGENIERIA DE SISTEMAS', 'UTO-ORURO'),
('7358554', 'ZENTENO VEGA MARCOS', '', '', 'A', 'INGENIERIA DE SISTEMAS', 'UTO-ORURO'),
('7358595', 'PEREZ CONTRERAS ALVARO', '69596315', '', 'A', 'INGENIERIA DE SISTEMAS', 'UTO-ORURO'),
('7358616', 'PASCUAL ROQUE ERICK', '', '', 'A', 'INGENIERIA INFORMATICA', 'UTO-ORURO'),
('7358679', 'MARTINEZ ACHACOLLO RUTH XIMENA', '', '', 'A', 'INGENIERIA INFORMATICA', 'UTO-ORURO'),
('7359062', 'CHOQUETICLLA CALLAHUARA RUBEN', '74470506', '', 'A', 'INGENIERIA DE SISTEMAS', 'UTO-ORURO'),
('7359421', 'QUIROGA PERALTA ALEXANDRE', '60402585', '', 'A', 'INGENIERIA INFORMATICA', 'UTO-ORURO'),
('7359432', 'RAMIREZ VEGA FRANK GUILBER', '', '', 'A', 'INGENIERIA DE SISTEMAS', 'UTO-ORURO'),
('7359436', 'CALLE SALINAS ANDY LUIS', '', '', 'A', 'INGENIERIA DE SISTEMAS', 'UTO-ORURO'),
('7359542', 'QUISPE CHAMBI RICHARD', '75705318', '', 'AM', 'INGENIERIA INFORMATICA', 'UTO-ORURO'),
('7359674', 'COLQUE GARCIA JOSE DANIEL', '74122965', '', 'B', 'INGENIERIA DE SISTEMAS', 'UTO-ORURO'),
('7359831', 'CAYO ALANOCA VIVIANA', '', '', 'C', 'INGENIERIA DE SISTEMAS', 'UTO-ORURO'),
('7359943', 'RAMOS GRANDON MONICA YURI', '75719885', '', 'A', 'INGENIERIA DE SISTEMAS', 'UTO-ORURO'),
('7360135', 'HUALCA CALAHUANA SERGIO MAURICIO', '74152401', '', 'B', 'INGENIERIA DE SISTEMAS', 'UTO-ORURO'),
('7360583', 'RIOS GONZALES TRIAGLO DURAN', '69575837', '', 'A', 'INGENIERIA DE SISTEMAS', 'UTO-ORURO'),
('7361069', 'TITICHOCA REYNAGA ROLY ALBERT', '67258029', '', 'A', 'INGENIERIA DE SISTEMAS', 'UTO-ORURO'),
('7361902', 'VELARDE RODRIGUEZ XIMENA SUSY', '75401472', '', 'A', 'INGENIERIA DE SISTEMAS', 'UTO-ORURO'),
('7362600', 'CHOQUE CHOQUE LUIS CRISTIAN', '75142268', '', 'A', 'INGENIERIA INFORMATICA', 'UTO-ORURO'),
('7362756', 'GUTIERREZ ADRIAN WILSON', '69602665', '', 'A', 'INGENIERIA DE SISTEMAS', 'UTO-ORURO'),
('7362872', 'VILLARROEL OROPEZA YOSELIN CAROLINA', '61822323', '', 'A', 'INGENIERIA INFORMATICA', 'UTO-ORURO'),
('7362967', 'CRUZ MARTINEZ IVAN', '', '', 'A', 'INGENIERIA INFORMATICA', 'UTO-ORURO'),
('7362976', 'CHOQUE MOYA ANAHID', '', '', 'A', 'INGENIERIA DE SISTEMAS', 'UTO-ORURO'),
('7363222', 'VALDEZ AGUILAR ALEJANDRO', '60438486', '', 'A', 'INGENIERIA INFORMATICA', 'UTO-ORURO'),
('7363541-1O', 'HURTADO MALDONADO IVAN MAURICIO', '72458868', '', 'A', 'INGENIERIA INFORMATICA', 'UTO-ORURO'),
('7363605', 'POMA ROGER AURELIO', '', '', 'A', 'INGENIERIA DE SISTEMAS', 'UTO-ORURO'),
('7363630', 'VILLEGAS LAPACA JHAMIL ERICK', '', '', 'A', 'INGENIERIA INFORMATICA', 'UTO-ORURO'),
('7363652-1E', 'CONDORI FLORES DAVID MOISES', '', '', 'A', 'INGENIERIA DE SISTEMAS', 'UTO-ORURO'),
('7363682', 'CHOQUE CALLE DENNYS', '', '', 'B', 'INGENIERIA DE SISTEMAS', 'UTO-ORURO'),
('7363818', 'TITO YUCRA OMAR ARIEL', '', '', 'A', 'INGENIERIA DE SISTEMAS', 'UTO-ORURO'),
('7363871', 'VALENCIA ARI ZULEMA', '', '', 'B', 'INGENIERIA DE SISTEMAS', 'UTO-ORURO'),
('7363887', 'TITO PUMA JHENYFER ABIGAIL', '', '', 'A', 'INGENIERIA DE SISTEMAS', 'UTO-ORURO'),
('73641345', 'AGRAMONTE IDME LOURDES ESPERANZA', '', '', 'P', 'INGENIERIA DE SISTEMAS', 'JULIACA - PERU'),
('7364375', 'CANAVIRI AJOMADO RICHAR', '', '', 'A', 'INGENIERIA DE SISTEMAS', 'UTO-ORURO'),
('7365004', 'MAMANI VALENCIA ALVARO DEYMAR', '', '', 'A', 'INGENIERIA DE SISTEMAS', 'UTO-ORURO'),
('7365220', 'SERRUDO CONDORI IRIS ASUNCION', '65414851', '', 'A', 'INGENIERIA INFORMATICA', 'UTO-ORURO'),
('7365365', 'CARVAJAL ENCINAS JOSE RODOLFO', '', '', 'A', 'INGENIERIA DE SISTEMAS', 'UTO-ORURO'),
('7365396', 'CUIZARA HUALCA ROLANDO', '', '', 'B', 'INGENIERIA DE SISTEMAS', 'UTO-ORURO'),
('7365416', 'CARVAJAL JORGE MIRIAM', '78609444', '', 'B', 'INGENIERIA DE SISTEMAS', 'UTO-ORURO'),
('7365517', 'COPA CRUZ ISABEL', '61665566', '', 'B', 'INGENIERIA DE SISTEMAS', 'UTO-ORURO'),
('7365538', 'ZOLA COLQUILLO TEODORA', '', '', 'B', 'INGENIERIA DE SISTEMAS', 'UTO-ORURO'),
('7365545', 'HUALCA CHACA RONALDO', '', '', 'B', 'INGENIERIA DE SISTEMAS', 'UTO-ORURO'),
('7365558', 'POQUECHOQUE CHOQUE ELY', '74110986', '', 'B', 'INGENIERIA DE SISTEMAS', 'UTO-ORURO'),
('7366148', 'CONDORI JAMILLO BRIGITTE GABRIELA', '', '', 'A', 'INGENIERIA DE SISTEMAS', 'UTO-ORURO'),
('7366150', 'QUISPE HUALLPA MONICA', '65403995', '', 'A', 'INGENIERIA DE SISTEMAS', 'UTO-ORURO'),
('7367032', 'CRUZ POMA DAYANA', '61831027', '', 'A', 'INGENIERIA INFORMATICA', 'UTO-ORURO'),
('7367244', 'SANTOS ROMERO PAOLA GANDIVA', '61810455', 'sn@gmail.com', 'A', 'INGENIERIA DE SISTEMAS', 'UTO-ORURO'),
('7367385', 'PACO BLANCO REYNA', '', '', 'A', 'INGENIERIA DE SISTEMAS', 'UTO-ORURO'),
('7367622', 'HERRERA VARGAS MISHEL', '65423684', 'sn@gmail.com', 'A', 'INGENIERIA INFORMATICA', 'UTO-ORURO'),
('7367674', 'YAVE COLQUE KEVIN AXEL', '75703166', '', 'A', 'INGENIERIA DE SISTEMAS', 'UTO-ORURO'),
('7367882', 'BILBAO QUIA JOSE MANUEL', '60404788', '', 'A', 'INGENIERIA DE SISTEMAS', 'UTO-ORURO'),
('7367995', 'YUCRA CANAVIRI IVAN DANIEL', '65428889', '', 'A', 'INGENIERIA DE SISTEMAS', 'UTO-ORURO'),
('7368225', 'ALMANZA OCHOA ALVARO', '70415122', '', 'A', 'INGENIERIA DE SISTEMAS', 'UTO-ORURO'),
('7368264', 'CHOQUE GUTIERREZ GUIZENIA YHENNY', '75419321', '', 'A', 'INGENIERIA INFORMATICA', 'UTO-ORURO'),
('7368384', 'VILLEGAS CALLE PABLO', '', '', 'A', 'INGENIERIA INFORMATICA', 'UTO-ORURO'),
('7368848', 'BEJARANO GARCIA JHIMMY JHONN', '', '', 'B', 'INGENIERIA DE SISTEMAS', 'UTO-ORURO'),
('7368857', 'SILVESTRE RIOS ALBARO', '', '', 'B', 'INGENIERIA DE SISTEMAS', 'UTO-ORURO'),
('7368897', 'COPA LEANDRO KARMINIA', '', '', 'B', 'INGENIERIA DE SISTEMAS', 'UTO-ORURO'),
('7369023', 'BARCAYA QUISPE JOSE LUIS', '78603834', '', 'B', 'INGENIERIA DE SISTEMAS', 'UTO-ORURO'),
('7369387', 'TUPA FERNANDEZ RHOLY ELIAN', '63638271', '', 'A', 'INGENIERIA DE SISTEMAS', 'UTO-ORURO'),
('7370061', 'GUERREROS GUZMAN LISBET YOSELIN', '76144825', '', 'A', 'INGENIERIA DE SISTEMAS', 'UTO-ORURO'),
('7370898', 'ADRIAN MAMANI MADAY', '75426281', '', 'A', 'INGENIERIA INFORMATICA', 'UTO-ORURO'),
('7370955', 'FLORES CASSIA FERNANDO MIGUEL', '65407980', '', '', 'INGENIERIA ELECTRONICA', 'UTO-ORURO'),
('7371107', 'MAMANI SANCHEZ HELEN', '61660014', '', 'A', 'INGENIERIA DE SISTEMAS', 'UTO-ORURO'),
('7371212', 'CALANI CHUNGARA NELLY AYDE', '', '', '', 'INGENIERIA DE SISTEMAS', 'UTO-ORURO'),
('7371228', 'AMUSQUIVAR ITAMARI DANIEL ANGEL', '75707807', '', 'A', 'INGENIERIA DE SISTEMAS', 'UTO-ORURO'),
('7371433', 'CHIRI MUNZON GALBY', '', '', 'A', 'INGENIERIA INFORMATICA', 'UTO-ORURO'),
('7371471', 'APAZA CRISPIN GUSTAVO DEYMAR', '74144065', 'DEGUSGUS1@GMAIL.COM', 'A', 'INGENIERIA DE SISTEMAS', 'UTO-ORURO'),
('7371511', 'ATANACIO LIA PAOLO CESAR', '', '', 'A', 'INGENIERIA DE SISTEMAS', 'UTO-ORURO'),
('7371590', 'BAUTISTA LIA WILSON JHOVANNY', '61827924', '', 'A', 'INGENIERIA DE SISTEMAS', 'UTO-ORURO'),
('7371635', 'QUISPE SUAREZ HEIDY SOLEDAD', '67257095', '', 'A', 'INGENIERIA INFORMATICA', 'UTO-ORURO'),
('7371847', 'LOPEZ CUIZARA CARLOS MARCELO', '77142017', '', '', 'INGENIERIA DE SISTEMAS', 'UTO-ORURO'),
('7372226', 'BURGOS MAMANI IBER NELSON', '69496783', '', 'A', 'INGENIERIA DE SISTEMAS', 'UTO-ORURO'),
('7373031', 'CALDERON ORDOÑEZ JHONATAN JAVIER', '69599315', '', 'A', 'INGENIERIA DE SISTEMAS', 'UTO-ORURO'),
('7373388', 'CHOQUECALLATA CERROGRANDE VANESSA', '77153141', '', 'A', 'INGENIERIA DE SISTEMAS', 'UTO-ORURO'),
('7374026', 'FLORES BARRO ARTURO', '70433384', '', '', 'INGENIERIA ELECTRONICA', 'UTO-ORURO'),
('7374032', 'VALENCIA YUCRA JHOVANA', '69578966', '', 'A', 'INGENIERIA INFORMATICA', 'UTO-ORURO'),
('7374050', 'NINA CHOQUE HENRY', '723556911', '', 'A', 'INGENIERIA DE SISTEMAS', 'UTO-ORURO'),
('7374074', 'ANTONIO MAMANI MARCELO', '74074526', '', 'A', 'INGENIERIA INFORMATICA', 'UTO-ORURO'),
('7374594', 'CUBA MAMANI CELIA', '69592522', '', 'A', 'INGENIERIA DE SISTEMAS', 'UTO-ORURO'),
('7374852', 'FLORES BARRO ELMER', '67248895', '', 'A', 'INGENIERIA INFORMATICA', 'UTO-ORURO'),
('7374860', 'ARAMAYO VASQUEZ GUILLERMO', '', '', 'A', 'INGENIERIA DE SISTEMAS', 'UTO-ORURO'),
('7374887', 'CHOQUE GUTIERREZ ISABEL', '76157671', '', 'A', 'INGENIERIA INFORMATICA', 'UTO-ORURO'),
('7375065', 'FLORES CACERES ELVIA JESSENIA', '67207376', '', '', 'INGENIERIA ELECTRONICA', 'UTO-ORURO'),
('7375573', 'CHURA FERNANDEZ GIOVANNI ALEJANDRO', '', '', 'A', 'INGENIERIA INFORMATICA', 'UTO-ORURO'),
('7375574', 'CHURA FERNANDEZ CRISTHIAN RAUL', '', '', 'A', 'INGENIERIA INFORMATICA', 'UTO-ORURO'),
('7376373', 'VALLEJOS HUARACHI SIDEY WANDA', '72358466', '', 'A', 'INGENIERIA DE SISTEMAS', 'UTO-ORURO'),
('7376429', 'MAMANI ICUÑA MAGALY LEIDY', '', '', 'A', 'INGENIERIA DE SISTEMAS', 'UTO-ORURO'),
('7376436', 'VILLCA MARTINEZ SAMUEL', '67596200', '', 'A', 'INGENIERIA INFORMATICA', 'UTO-ORURO'),
('7376564', 'FERNANDEZ CAPUMA DEYMAR JHONNY', '', '', 'A', 'INGENIERIA DE SISTEMAS', 'UTO-ORURO'),
('7376760', 'BASCOPE VILLAGOMEZ BLANCA MARGARITA', '', '', 'A', 'INGENIERIA DE SISTEMAS', 'UTO-ORURO'),
('7377333', 'MORALES THOMAS DANIEL FREDDY', '', '', 'A', 'INGENIERIA INFORMATICA', 'UTO-ORURO'),
('7377415', 'COPATITI GUTIERREZ REMY RUBEN', '74129953', '', 'A', 'INGENIERIA DE SISTEMAS', 'UTO-ORURO'),
('7377512', 'HUARACHI CONDORI JUAN GABRIEL', '60424827', '', 'A', 'INGENIERIA DE SISTEMAS', 'UTO-ORURO'),
('7377816', 'CAYO QUELCA ROBERTO', '61814726', '', 'A', 'INGENIERIA DE SISTEMAS', 'UTO-ORURO'),
('7377903', 'QUENA QUENA RUDDY EMERSON', '', '', 'A', 'INGENIERIA DE SISTEMAS', 'UTO-ORURO'),
('7378177', 'MONTAÑO GONZALES KENNY ROYER', '', '', 'A', 'INGENIERIA DE SISTEMAS', 'UTO-ORURO'),
('7379171', 'CONDORCET GOMEZ JUAN ELDER', '61664714', '', 'A', 'INGENIERIA DE SISTEMAS', 'UTO-ORURO'),
('7379932', 'RODRIGUEZ GUTIERREZ JOHN AXL', '', '', 'A', 'INGENIERIA INFORMATICA', 'UTO-ORURO'),
('7380269', 'CONDORI PINAYA JANNETHE', '69576220', '', 'A', 'INGENIERIA DE SISTEMAS', 'UTO-ORURO'),
('7380407', 'MARTINEZ CUBA ISMAEL OMAR', '61814593', '', 'A', 'INGENIERIA DE SISTEMAS', 'UTO-ORURO'),
('7380735', 'VALDEZ VALENZUELA NICOLE ALEJANDRA', '77148822', '', 'A', 'INGENIERIA DE SISTEMAS', 'UTO-ORURO'),
('7380778', 'YUCRA LAURA CRISTIAN ABEL', '79413498', '', 'A', 'INGENIERIA INFORMATICA', 'UTO-ORURO'),
('7381174', 'RAMOS CUEVAS NELLY IRMA', '69583218', '', 'A', 'INGENIERIA DE SISTEMAS', 'UTO-ORURO'),
('7381395', 'HUALCA CALAHUANA JOSE LUIS', '73317730', '', 'B', 'INGENIERIA DE SISTEMAS', 'UTO-ORURO'),
('7382063', 'RAMOS PAREDES RONALDO ELDER', '61838089', '', 'A', 'INGENIERIA INFORMATICA', 'UTO-ORURO'),
('7382197', 'MAMANI CONDORI IGOR', '60420657', '', 'A', 'INGENIERIA INFORMATICA', 'UTO-ORURO'),
('7382259', 'RICALDY TONDOLA ALISSON BRENDA', '61663680', '', 'A', 'INGENIERIA DE SISTEMAS', 'UTO-ORURO'),
('7383361', 'APAZA DAMIAN FERNANDO RENSO', '70437679', '', 'A', 'INGENIERIA INFORMATICA', 'UTO-ORURO'),
('7384543', 'MARTINEZ OCAMPO JHINNY BRAYAN', '', '', 'C', 'INGENIERIA DE SISTEMAS', 'UTO-ORURO'),
('7384856', 'YANARICO MICHAGA ADRIAN ELIODORO', '', '', 'A', 'INGENIERIA DE SISTEMAS', 'UTO-ORURO'),
('7384978', 'SORIA ANDRADE DEYMAR MARCELO', '', '', 'A', 'INGENIERIA DE SISTEMAS', 'UTO-ORURO'),
('7385426', 'LOPEZ LOPEZ DANIELA ANGELES', '76130037', '', 'A', 'INGENIERIA DE SISTEMAS', 'UTO-ORURO'),
('7385703', 'ALVAREZ BALTAZAR IVAR DUGLAS', '78607137', '', 'A', 'INGENIERIA INFORMATICA', 'UTO-ORURO'),
('7387533', 'AGUIRRE LOPEZ YAMIL ALBERTO', '76133846', '', 'A', 'INGENIERIA DE SISTEMAS', 'UTO-ORURO'),
('7387697', 'CHOCAYTA AGUILAR SERGIO', '78600083', '', 'A', 'INGENIERIA DE SISTEMAS', 'UTO-ORURO'),
('7387837', 'VILLANUEVA CHALLAPA KEVIN ALAN', '61834276', '', 'AM', 'INGENIERIA DE SISTEMAS', 'UTO-ORURO'),
('7388572', 'CORO GOMEZ OSWALDO VALENTIN', '78337489', '', 'A', 'INGENIERIA DE SISTEMAS', 'UTO-ORURO'),
('7389748', 'GUTIERREZ RAMIREZ ROGER ROLANDO', '60420970', '', 'A', 'INGENIERIA DE SISTEMAS', 'UTO-ORURO'),
('7392059', 'TAQUICHIRI GOMEZ HENRY KEVIN', '', '', 'A', 'INGENIERIA INFORMATICA', 'UTO-ORURO'),
('7392088', 'UREÑA VARGAS ERIK GERSON', '60423805', '', 'A', 'INGENIERIA INFORMATICA', 'UTO-ORURO'),
('7392292', 'HUARACHI GONZALES FANNY EDMY', '', '', '', 'INGENIERÍA INFORMATICA', 'UTO-ORURO'),
('7392393', 'CHOQUE FLORES LIZBETH GABRIELA', '60410887', '', 'A', 'INGENIERIA DE SISTEMAS', 'UTO-ORURO'),
('7392394', 'CHOQUE FLORES WENDALY', '63637377', '', 'A', 'INGENIERIA DE SISTEMAS', 'UTO-ORURO'),
('7393266', 'ESCOBAR GUZMAN CALEPH', '', '', 'A', 'INGENIERIA DE SISTEMAS', 'UTO-ORURO'),
('7393574', 'QUIROZ COSSIO CARLOS ALBERTO', '79413681', '', 'A', 'INGENIERIA DE SISTEMAS', 'UTO-ORURO'),
('7393600', 'ACHACOLLO CALANI ALAN', '', '', 'A', 'INGENIERIA INFORMATICA', 'UTO-ORURO'),
('7394002', 'MAMANI MAMANI JOSUE', '', '', 'C', 'INGENIERIA DE SISTEMAS', 'UTO-ORURO'),
('7394003', 'VIZA CONDORI WILLIAM', '', '', 'B', 'INGENIERIA DE SISTEMAS', 'UTO-ORURO'),
('7394276', 'CHUNGARA RAMOS FREDDY', '', '', 'A', 'INGENIERIA DE SISTEMAS', 'UTO-ORURO'),
('7394499', 'TICONA FLORES KAREN KATERIN', '', '', 'A', 'INGENIERIA DE SISTEMAS', 'UTO-ORURO'),
('7394520', 'QUIROZ MAMANI JHONY MAX', '', '', 'C', 'INGENIERIA DE SISTEMAS', 'UTO-ORURO'),
('7394766', 'QUILLA CHOQUE JOSUE', '', '', 'A', 'INGENIERIA DE SISTEMAS', 'UTO-ORURO'),
('7395085', 'AGUILAR MAMANI JAILER HUGO', '74119380', '', 'A', 'INGENIERIA DE SISTEMAS', 'UTO-ORURO'),
('7397999', 'CHALLAPA TORREZ ISAIAS RODO', '64219913', '', 'A', 'INGENIERIA DE SISTEMAS', 'UTO-ORURO'),
('7399274', 'ALCAZAR FLORES MARINA', '69576956', '', 'A', 'INGENIERIA DE SISTEMAS', 'UTO-ORURO'),
('7399495', 'MAGNE JUAN GABRIEL', '', '', 'A', 'INGENIERIA INFORMATICA', 'UTO-ORURO'),
('7399723', 'CARLO GOMEZ JOSUE', '', '', 'B', 'INGENIERIA DE SISTEMAS', 'UTO-ORURO'),
('7399800', 'LEON QUIÑONES ALAIN GUIDO', '', '', 'A', 'INGENIERIA INFORMATICA', 'UTO-ORURO'),
('7399803', 'LEDEZMA VEIZAGA PABLO', '', '', 'A', 'INGENIERIA DE SISTEMAS', 'UTO-ORURO'),
('7400233', 'MAMANI ARIAS JAQUELINE', '', '', 'A', 'INGENIERIA DE SISTEMAS', 'UTO-ORURO'),
('7400711', 'PEREZ AREVALO ERWIN JHOVANY', '', '', 'A', 'INGENIERIA DE SISTEMAS', 'UTO-ORURO'),
('7402755', 'AJATA FLORES JOSE LUIS', '', '', 'A', 'INGENIERIA INFORMATICA', 'UTO-ORURO'),
('7402773', 'CALIZAYA CANAZA JESSICA', '75411410', '', 'A', 'INGENIERIA DE SISTEMAS', 'UTO-ORURO'),
('7403065', 'CONDORI ENCINAS DIEGO DAVID', '', '', 'A', 'INGENIERIA INFORMATICA', 'UTO-ORURO'),
('7403654', 'COPA GONZALES KAREN ANAHI', '', '', 'A', 'INGENIERIA INFORMATICA', 'UTO-ORURO'),
('7404254', 'NAVA BECERRA ALEJANDRO FELIPE', '', '', 'A', 'INGENIERIA DE SISTEMAS', 'UTO-ORURO'),
('7404401', 'ADRIAN VEDIA JAVIER OMAR', '', '', 'A', 'INGENIERIA DE SISTEMAS', 'UTO-ORURO'),
('7405776', 'CALANI CHOQUETICLLA BORIS JOEL', '', '', 'A', 'INGENIERIA DE SISTEMAS', 'UTO-ORURO'),
('7406716', 'GUTIERREZ CALDERON ADRIANA JACQUELINE', '69596871', '', 'A', 'INGENIERIA DE SISTEMAS', 'UTO-ORURO'),
('7407486', 'BORRAS CRUZ ANDERSON', '', '', 'A', 'INGENIERIA DE SISTEMAS', 'UTO-ORURO'),
('7407513', 'VILLCA BERRIOS MARISABEL', '75421499', '', 'A', 'INGENIERIA INFORMATICA', 'UTO-ORURO'),
('7409818', 'TICONA CLEMENTE NOEMI', '60617475', '', 'A', 'INGENIERIA DE SISTEMAS', 'UTO-ORURO'),
('7410039', 'CRISPIN COLQUE KATHERINE SANDRA', '76159675', '', 'A', 'INGENIERIA INFORMATICA', 'UTO-ORURO'),
('7410135', 'DELOS CHOQUE KEVIN BRAYAN', '61829898', '', 'B', 'INGENIERIA DE SISTEMAS', 'UTO-ORURO'),
('7410393', 'CACERES CONTACAYO DANITZA CLARIBEL', '61838991', '', 'A', 'INGENIERIA DE SISTEMAS', 'UTO-ORURO'),
('7410760', 'BLANCO SAVTCHENKOVA NADINA', '', '', 'A', 'INGENIERIA INFORMATICA', 'UTO-ORURO'),
('7412138', 'ZUNA FELIPEZ ALEX DENILSON', '', '', 'A', 'INGENIERIA INFORMATICA', 'UTO-ORURO'),
('7412208', 'MAMANI TORREZ KAREN ELBA', '72302572', '', 'A', 'INGENIERIA DE SISTEMAS', 'UTO-ORURO'),
('7412496', 'ARROYO MONTAÑO KEVIN OMAR', '', '', 'A', 'INGENIERIA DE SISTEMAS', 'UTO-ORURO'),
('7412861', 'CHOQUE ACHACOLLO FLORENTINA BASILIA', '', '', 'A', 'INGENIERIA DE SISTEMAS', 'UTO-ORURO'),
('7412970', 'INCA TORREZ JHIMY', '', '', 'A', 'INGENIERIA DE SISTEMAS', 'UTO-ORURO'),
('7413209', 'CHOQUECALLATA MAMANI NORMAN', '', '', 'A', 'INGENIERIA DE SISTEMAS', 'UTO-ORURO'),
('7413477', 'BOZO FLORES RODRIGO', '', '', 'A', 'INGENIERIA INFORMATICA', 'UTO-ORURO'),
('7413602', 'CHOQUE ACHACOLLO JUAN ALFREDO', '', '', 'A', 'INGENIERIA INFORMATICA', 'UTO-ORURO'),
('7413645', 'POLICARPIO SOLIZ ROLANDO', '', '', 'A', 'INGENIERIA DE SISTEMAS', 'UTO-ORURO'),
('7414510', 'VILLANUEVA CHOQUE ADRIAN AMILKAR', '70421476', '', 'A', 'INGENIERIA DE SISTEMAS', 'UTO-ORURO'),
('7414711', 'AGUILAR RAMIREZ FABIOLA', '72492079', '', '', 'INGENIERIA DE SISTEMAS', 'UTO-ORURO'),
('7415182', 'AQUINO PADILLA GABRIEL OMAR', '', '', 'A', 'INGENIERIA DE SISTEMAS', 'UTO-ORURO'),
('7415343', 'PILLCO APAZA MARIA ALEJANDRA', '78600986', 'sn@gmail.com', 'A', 'INGENIERIA DE SISTEMAS', 'UTO-ORURO'),
('7416028', 'FUENTES CHAMBI MARIELENA', '', '', 'A', 'INGENIERIA DE SISTEMAS', 'UTO-ORURO'),
('7416499', 'TABORGA PIMENTEL VALERIA MARIA', '75708191', '', 'A', 'INGENIERIA DE SISTEMAS', 'UTO-ORURO'),
('7416974', 'VILLCA CHOQUE CARLOS BRIAN', '69593458', '', '', 'INGENIERIA INFORMATICA', 'UTO-ORURO'),
('7417103', 'CHOQUE PEREYRA GARY', '', '', 'A', 'INGENIERIA INFORMATICA', 'UTO-ORURO'),
('7417268', 'ESPINOZA PACA DAVID', '', '', 'A', 'INGENIERIA DE SISTEMAS', 'UTO-ORURO'),
('7417554', 'MENDOZA GARCIA JAVIER FERNANDO', '67261012', '', 'A', 'INGENIERIA INFORMATICA', 'UTO-ORURO'),
('7418173', 'CUSSI YUCRA FRANCISCO LUTDUARDO', '', '', 'A', 'INGENIERIA DE SISTEMAS', 'UTO-ORURO'),
('7419630', 'LOPEZ APAZA JENNIFER POLET', '60436273', '', 'A', 'INGENIERIA DE SISTEMAS', 'UTO-ORURO'),
('7419754', 'GUTIERREZ GUTIERREZ EDSON', '71101566', '', 'A', 'INGENIERIA DE SISTEMAS', 'UTO-ORURO'),
('7419911', 'NINA PINAYA CAROL MARIEL', '', '', 'A', 'INGENIERIA DE SISTEMAS', 'UTO-ORURO'),
('7421714', 'SILLERICO SUAREZ JORGE ARMANDO', '75715620', '', 'A', 'INGENIERIA INFORMATICA', 'UTO-ORURO'),
('7422831', 'CONDORI GERONIMO SUSANA', '69593588', '', 'A', 'INGENIERIA DE SISTEMAS', 'UTO-ORURO'),
('7422865', 'CANAVIRI YUCRA JOHN GUSTAVO', '', '', 'A', 'INGENIERIA DE SISTEMAS', 'UTO-ORURO'),
('7422935', 'BELTRAN CHOQUE LAURA', '65422812', '', 'E', 'INGENIERIA DE SISTEMAS', 'UTO - ORURO'),
('7422942', 'COLQUE HUANCA ROSA LIDIA', '', '', 'A', 'INGENIERIA DE SISTEMAS', 'UTO-ORURO'),
('7422967', 'RAMIREZ SANCHEZ MICHAEL RONALDO', '75426589', '', 'A', 'INGENIERIA DE SISTEMAS', 'UTO-ORURO'),
('7423317', 'CHOQUE MAMANI JEANETTE ISABEL', '79410441', '', 'A', 'INGENIERIA DE SISTEMAS', 'UTO-ORURO'),
('7423345', 'SALAZAR BALLESTEROS JOSUE', '', '', 'A', 'INGENIERIA INFORMATICA', 'UTO-ORURO'),
('7423407', 'CHOQUE HUACOTA SANDRO', '77157198', '', 'A', 'INGENIERIA INFORMATICA', 'UTO-ORURO'),
('7423725', 'GARCIA VILLCA ARACELY NAYELY', '75411671', '', 'A', 'INGENIERIA DE SISTEMAS', 'UTO-ORURO'),
('7424174', 'AJHUACHO CERROGRANDE JENNIFER BRENDA', '75417765', '', 'A', 'INGENIERIA INFORMATICA', 'UTO-ORURO'),
('7424180', 'VEIZAGA TAQUICHIRI HUGO', '60433493', '', 'A', 'INGENIERIA INFORMATICA', 'UTO-ORURO'),
('7425954', 'FLORES MEDRANO ANDREA JULIA', '63639100', '', 'A', 'INGENIERIA INFORMATICA', 'UTO-ORURO'),
('7426119', 'ZEQUITA MANA SERGIO CESAR', '65427268', '', 'A', 'INGENIERIA DE SISTEMAS', 'UTO-ORURO'),
('7426229', 'COLQUE HORACIO CARLOS MANUEL', '65419165', '', 'A', 'INGENIERIA DE SISTEMAS', 'UTO-ORURO'),
('7426601', 'MAMANI CAPURATA ELMER', '', '', 'A', 'INGENIERIA DE SISTEMAS', 'UTO-ORURO'),
('7426947', 'CRUZ VILLALTA WILLSON ALFREDO', '68315104', '', 'B', 'INGENIERIA DE SISTEMAS', 'UTO-ORURO'),
('7427064', 'LUIZAGA CONDARCO JORGE HUMBERTO', '', '', 'A', 'INGENIERIA DE SISTEMAS', 'UTO-ORURO'),
('7427489', 'BENAVIDES QUISPE ELVIS', '', '', 'A', 'INGENIERIA DE SISTEMAS', 'UTO-ORURO'),
('7427494', 'GONZALES HUARACHI SERGIO ALEJANDRO', '', '', 'A', 'INGENIERIA DE SISTEMAS', 'UTO-ORURO'),
('7427651', 'LOBO AGUILAR ALISSON SHIRLEY', '', '', 'B', 'INGENIERIA DE SISTEMAS', 'UTO-ORURO'),
('7451095', 'VIRACOCHEA CHOQUEVILLCA SAMUEL ISAIAS', '71183588', '', 'B', 'INGENIERIA DE SISTEMAS', 'UTO-ORURO'),
('7451355', 'CORTEZ DURAN MARCOS ALBERTO', '75415152', '', 'A', 'INGENIERIA DE SISTEMAS', 'UTO-ORURO'),
('7453475', 'YORGOS IBAÑEZ GRICELDA', '69344921', '', 'A', 'INGENIERIA DE SISTEMAS', 'UTO-ORURO'),
('7453831', 'CHOQUE CANAZA FRANKLIN RODRIGO', '69600032', '', 'A', 'INGENIERIA INFORMATICA', 'UTO-ORURO'),
('7454165', 'MAGNE BERNABE MAURICIO', '73820388', '', 'A', 'INGENIERIA DE SISTEMAS', 'UTO-ORURO'),
('7454819', 'SEMPERTEGUI MARTINEZ GERSHWIN GIOVANNI', '71854443', '', '', 'INGENIERIA INFORMATICA', 'UTO-ORURO'),
('7454904', 'FERNANDEZ GUTIERREZ NOELIA NORMA', '62750119', '', 'A', 'INGENIERIA INFORMATICA', 'UTO-ORURO'),
('7455188', 'CHINO SANCHEZ HERMOGENES', '78606768', '', 'A', 'INGENIERIA DE SISTEMAS', 'UTO-ORURO'),
('7455778', 'LOPEZ ANCALLE JOSE ALVARO', '', '', 'A', 'INGENIERIA DE SISTEMAS', 'UTO-ORURO'),
('7455908', 'ROQUE VASQUEZ ROSA GISELA', '', '', 'A', 'INGENIERIA DE SISTEMAS', 'UTO-ORURO'),
('7458201', 'QUISPE PANTA MAXIMILIANO', '76131739', '', 'A', 'INGENIERIA DE SISTEMAS', 'UTO-ORURO'),
('74694018', 'NUÑEZ MOROCO ALEXANDER JUNIOR', '933400754', '', 'P', 'INGENIERIA DE SISTEMAS', 'JULIACA PERU'),
('7523714', 'CHACA VALENCIA MARITZA', '65410529', '', 'B', 'INGENIERIA DE SISTEMAS', 'UTO-ORURO'),
('7539844', 'CHOQUE CHOQUETOPA DIEGO NIELSEN', '', '', 'A', 'INGENIERIA DE SISTEMAS', 'UTO-ORURO'),
('75876980', 'QUISPE ROQUE ALEX ASUNCION', '984080047', '', 'P', 'INGENIERIA DE SISTEMAS', 'JULIACA PERU'),
('76286084', 'ARCE APAZA LILY MARGOT', '', '', 'P', 'INGENIERIA DE  SISTEMAS', 'JULIACA-PERU'),
('7940368', 'CALLE JAVIER ALEJANDRO', '72254865', '', 'A', 'INGENIERIA DE SISTEMAS', 'UTO-ORURO'),
('8269258', 'SORUCO GARCIA WILLIAM ELMERS', '69581175', '', 'A', 'INGENIERIA DE SISTEMAS', 'UTO-ORURO'),
('8297160', 'CASTRO QUISPE DELIA', '72340718', '', 'A', 'INGENIERIA DE SISTEMAS', 'UTO-ORURO'),
('8304566', 'AVILES MENESES JOSE', '78616330', '', 'A', 'INGENIERIA DE SISTEMAS', 'UTO-ORURO'),
('8345827', 'LLUSCO MAGNE NELSON WILFREDO', '', '', 'A', 'INGENIERIA DE SISTEMAS', 'UTO-ORURO'),
('8363113', 'CALLISAYA TIÑINI MELVIN ANTONIO', '79590548', '', '', 'INGENIERIA DE SISTEMAS', 'UTO-ORURO'),
('8385146', 'COLQUE JANCO PERCY', '', '', 'A', 'INGENIERIA DE SISTEMAS', 'UTO-ORURO'),
('8390370', 'CHOQUE ARANCIBIA ROSMERY NOEMI', '68321369', '', 'A', 'INGENIERIA DE SISTEMAS', 'UTO-ORURO'),
('8419631', 'VARELA POMA ANGEL DARIO', '68187902', '', '', 'INGENIERIA DE SISTEMAS', 'UTO-ORURO'),
('8441805', 'SALAS PINAYA OSCAR ROMAN', '', '', 'A', 'INGENIERIA DE SISTEMAS', 'UTO-ORURO'),
('8506094', 'HIGUERAS COSME BENJAMIN EMANUEL', '', '', 'A', 'INGENIERIA INFORMATICA', 'UTO-ORURO'),
('8516299', 'CALIZAYA UGARTE PEDRO LUIS', '67520394', '', 'A', 'INGENIERIA INFORMATICA', 'UTO-ORURO'),
('8520461', 'LOPEZ CHAMBI FRANZ GUIDO', '', '', 'A', 'INGENIERIA DE SISTEMAS', 'UTO-ORURO'),
('8525579', 'QUISPE VILLCA WILLAM', '73341656', '', 'B', 'INGENIERIA DE SISTEMAS', 'UTO-ORURO'),
('8530064', 'FLORES FLORES RICHTER RUBEN', '', '', 'A', 'INGENIERIA DE SISTEMAS', 'UTO-ORURO'),
('8531276', 'TRUJILLO YUCRA HERIBERTO', '72354316', '', 'A', 'INGENIERIA DE SISTEMAS', 'UTO-ORURO'),
('8545763', 'CORO HUARACHI EDWIN', '78605951', '', 'A', 'INGENIERIA DE SISTEMAS', 'UTO-ORURO'),
('8561701', 'VILLCA COLQUE BLADIMIR HUMBERTO', '', '', 'A', 'INGENIERIA DE SISTEMAS', 'UTO-ORURO'),
('8567766', 'TEJERINA BENITEZ CINTHIA GISELLE', '70451360', '', 'A', 'INGENIERIA DE SISTEMAS', 'UTO-ORURO'),
('8568479', 'TUNA SALINAS KEBIN ELMER', '', '', 'A', 'INGENIERIA DE SISTEMAS', 'UTO-ORURO'),
('8592833', 'FERNANDEZ MAMANI ANA BARBARA', '63660150', '', 'A', 'INGENIERIA DE SISTEMAS', 'UTO-ORURO'),
('8594732', 'CHOQUE CLEMENTE ALEX ARIEL', '65624269', '', 'A', 'INGENIERIA INFORMATICA', 'UTO-ORURO'),
('8626803', 'CRUZ CONDORI SERGIO GUALBERTO', '78612930', '', 'A', 'INGENIERIA INFORMATICA', 'UTO-ORURO'),
('8628706', 'TRONCOSO VERAMENDI JHEISON', '', '', 'A', 'INGENIERIA INFORMATICA', 'UTO-ORURO'),
('8644002', 'ARIZACA CHOQUE ISAI FARES', '72343833', '', 'A', 'INGENIERIA DE SISTEMAS', 'UTO-ORURO'),
('8645284', 'FLORES MARTINEZ JHOVER IVAN', '73835787', '', 'A', 'INGENIERIA DE SISTEMAS', 'UTO-ORURO'),
('8645759', 'BARTOLOME QUISBERT JORGE ERIK', '', '', 'A', 'INGENIERIA DE SISTEMAS', 'UTO-ORURO'),
('8673518', 'ARIAS FERNANDEZ JHONNY IVAN', '71781950', '', 'A', 'INGENIERIA INFORMATICA', 'UTO-ORURO'),
('8680651', 'HUARACHI CARI EDWIN', '67255394', '', 'B', 'INGENIERIA DE SISTEMAS', 'UTO-ORURO'),
('8777140', 'COLQUE SANDOVAL PEDRO LUIS', '', '', 'A', 'INGENIERIA DE SISTEMAS', 'UTO-ORURO'),
('8899356', 'ROCHA YUCRA RONALDO', '73840994', '', 'A', 'INGENIERIA DE SISTEMAS', 'UTO-ORURO'),
('8899412', 'PEREZ CASTILLO HEYNAR', '73628173', '', 'A', 'INGENIERIA DE SISTEMAS', 'UTO-ORURO'),
('9060505', 'GUTIERREZ ZAMORA SILVIA', '63655259', '', 'A', 'INGENIERIA DE SISTEMAS', 'UTO-ORURO'),
('9070174', 'MAMANI PEREZ JEOVANA CARMEN', '74122992', '', 'B', 'INGENIERIA DE SISTEMAS', 'UTO-ORURO'),
('9070448', 'COPA TAQUICHIRI SERGIO PAULO GABRIEL', '69744359', '', '', 'INGENIERIA INFORMATICA', 'UTO-ORURO'),
('9096919', 'CANOA BALTAZAR LIZETH ANA', '', '', 'A', 'INGENIERIA DE SISTEMAS', 'UTO-ORURO'),
('9097042', 'MAMANI RAMOS JUAN NOEL', '', '', 'A', 'INGENIERIA DE SISTEMAS', 'UTO-ORURO'),
('9140544', 'URURI QUISPE KATERINE LAURA', '', '', 'A', 'INGENIERIA DE SISTEMAS', 'UTO-ORURO'),
('9314382', 'MAMANI PILLCO MOISES', '71776564', '', '', 'INGENIERIA DE SISTEMAS', 'UTO-ORURO'),
('9314384', 'MAMANI PILLCO ELIAS NOEL', '68330333', '', 'B', 'INGENIERIA DE SISTEMAS', 'UTO-ORURO'),
('9350480', 'TICLLA IÑIGUEZ MACK IVAN', '', '', 'A', 'INGENIERIA DE SISTEMAS', 'UTO-ORURO'),
('9396937', 'TRUJILLANO SARZO EDITH', '75717489', '', 'A', 'INGENIERIA DE SISTEMAS', 'UTO-ORURO'),
('9517302', 'CORDOVA AYALA TONCI ANDRE', '68341708', '', 'A', 'INGENIERIA INFORMATICA', 'UTO-ORURO'),
('9680941', 'FUENTES LOBO HECTOR GUSTAVO', '65948099', '', 'B', 'INGENIERIA DE SISTEMAS', 'UTO-ORURO'),
('9724453', 'LOBO FERNANDEZ LUIS JORGE', '', '', 'A', 'INGENIERIA INFORMATICA', 'UTO-ORURO'),
('9906635', 'BAUTISTA GABRIEL CLEIBER MICHAEL', '74841863', '', 'A', 'INGENIERIA DE SISTEMAS', 'UTO-ORURO'),
('9916388', 'ACARAPI ACHO NELSON HECTOR', '60129935', '', '', 'INGENIERIA INFORMATICA', 'UTO-ORURO'),
('9916389', 'ACARAPI ACHO ANA GABRIELA', '', '', 'A', 'INGENIERIA DE SISTEMAS', 'UTO-ORURO');

-- --------------------------------------------------------

--
-- Estructura de tabla para la tabla `expositor`
--

CREATE TABLE `expositor` (
  `id_ex` int(11) NOT NULL,
  `nombre` varchar(50) NOT NULL,
  `ci_ex` varchar(15) NOT NULL,
  `pais` varchar(20) NOT NULL,
  `ci` varchar(15) NOT NULL
) ENGINE=InnoDB DEFAULT CHARSET=latin1;

-- --------------------------------------------------------

--
-- Estructura de tabla para la tabla `inscripcion`
--

CREATE TABLE `inscripcion` (
  `idinscripcion` int(11) NOT NULL,
  `fecha` datetime NOT NULL DEFAULT CURRENT_TIMESTAMP,
  `tipopago` varchar(50) NOT NULL,
  `monto` int(11) NOT NULL,
  `tipo` varchar(50) NOT NULL,
  `codigoboleta` varchar(100) NOT NULL,
  `material` varchar(35) NOT NULL,
  `certificado` varchar(35) NOT NULL,
  `ci` varchar(15) NOT NULL,
  `ciestudiante` varchar(15) NOT NULL,
  `monto2` int(11) NOT NULL,
  `fecha2` datetime NOT NULL,
  `ci2` varchar(30) NOT NULL
) ENGINE=InnoDB DEFAULT CHARSET=latin1;

-- --------------------------------------------------------

--
-- Estructura de tabla para la tabla `material`
--

CREATE TABLE `material` (
  `idmaterial` int(11) NOT NULL,
  `nombre` varchar(25) NOT NULL
) ENGINE=InnoDB DEFAULT CHARSET=latin1;

--
-- Volcado de datos para la tabla `material`
--

INSERT INTO `material` (`idmaterial`, `nombre`) VALUES
(2, 'Credencial'),
(3, 'Folder'),
(4, 'Boligrafo'),
(5, 'Maletin'),
(6, 'CD'),
(7, 'Certificado'),
(8, 'Entrada Fiesta');

-- --------------------------------------------------------

--
-- Estructura de tabla para la tabla `materialinscripcion`
--

CREATE TABLE `materialinscripcion` (
  `idinscripcion` int(11) NOT NULL,
  `idmaterial` int(11) NOT NULL,
  `ci` varchar(15) NOT NULL,
  `fecha` datetime NOT NULL DEFAULT CURRENT_TIMESTAMP
) ENGINE=InnoDB DEFAULT CHARSET=latin1;

--
-- Volcado de datos para la tabla `materialinscripcion`
--

INSERT INTO `materialinscripcion` (`idinscripcion`, `idmaterial`, `ci`, `fecha`) VALUES
(0, 5, '5747499', '2018-11-15 10:48:49'),
(0, 6, '7289677', '2018-11-15 15:57:43'),
(0, 7, '7289677', '2018-11-15 15:57:43'),
(2, 2, '8531276', '2018-11-10 10:14:10'),
(2, 3, '8531276', '2018-11-10 10:14:10'),
(2, 4, '8531276', '2018-11-10 10:14:10'),
(2, 5, '8531276', '2018-11-10 10:14:10'),
(2, 6, '8531276', '2018-11-15 15:32:25'),
(2, 7, '8531276', '2018-11-15 15:32:25'),
(2, 8, '8531276', '2018-11-10 10:14:10'),
(3, 2, '8531276', '2018-11-10 10:21:25'),
(3, 3, '8531276', '2018-11-10 10:21:25'),
(3, 4, '8531276', '2018-11-10 10:21:25'),
(3, 5, '8531276', '2018-11-10 10:21:25'),
(3, 6, '7368225', '2018-11-16 09:21:13'),
(3, 7, '7368225', '2018-11-16 09:21:13'),
(3, 8, '8531276', '2018-11-10 10:21:25'),
(4, 2, '7324670', '2018-11-12 10:10:40'),
(4, 3, '7324670', '2018-11-12 10:10:40'),
(4, 4, '7324670', '2018-11-12 10:10:40'),
(4, 5, '7324670', '2018-11-12 10:10:40'),
(4, 6, '7289677', '2018-11-15 17:14:00'),
(4, 7, '7289677', '2018-11-15 17:14:00'),
(4, 8, '7324670', '2018-11-12 10:10:40'),
(7, 2, '7422831', '2018-11-12 09:19:10'),
(7, 3, '7422831', '2018-11-12 09:19:10'),
(7, 4, '7422831', '2018-11-12 09:19:10'),
(7, 5, '7422831', '2018-11-12 09:19:10'),
(7, 6, '7371107', '2018-11-15 16:03:47'),
(7, 7, '7371107', '2018-11-15 16:03:47'),
(7, 8, '7422831', '2018-11-12 09:19:10'),
(8, 2, '5747499', '2018-11-10 10:10:01'),
(8, 3, '5747499', '2018-11-10 10:10:01'),
(8, 4, '5747499', '2018-11-10 10:10:01'),
(8, 5, '5747499', '2018-11-10 10:10:01'),
(8, 6, '10915224', '2018-11-15 16:07:57'),
(8, 7, '10915224', '2018-11-15 16:07:57'),
(8, 8, '5747499', '2018-11-10 10:10:01'),
(9, 2, '7371107', '2018-11-10 10:29:13'),
(9, 3, '7371107', '2018-11-10 10:29:13'),
(9, 4, '7371107', '2018-11-10 10:29:13'),
(9, 5, '7371107', '2018-11-10 10:29:13'),
(9, 6, '7324670', '2018-11-15 16:06:14'),
(9, 7, '7324670', '2018-11-15 16:06:14'),
(9, 8, '7371107', '2018-11-10 10:29:13'),
(10, 2, '7324670', '2018-11-12 09:58:41'),
(10, 3, '7324670', '2018-11-12 09:58:41'),
(10, 4, '7324670', '2018-11-12 09:58:41'),
(10, 5, '7324670', '2018-11-12 09:58:41'),
(10, 8, '7324670', '2018-11-12 09:58:41'),
(12, 2, '7392394', '2018-11-10 10:28:34'),
(12, 3, '7392394', '2018-11-10 10:28:34'),
(12, 4, '7392394', '2018-11-10 10:28:34'),
(12, 5, '7392394', '2018-11-10 10:28:34'),
(12, 6, '7371107', '2018-11-15 15:53:58'),
(12, 7, '7371107', '2018-11-15 15:53:58'),
(12, 8, '7392394', '2018-11-10 10:28:34'),
(13, 2, '7422831', '2018-11-12 12:23:41'),
(13, 3, '7422831', '2018-11-12 12:23:41'),
(13, 4, '7422831', '2018-11-12 12:23:41'),
(13, 5, '7422831', '2018-11-12 12:23:41'),
(13, 6, '7324670', '2018-11-15 15:48:06'),
(13, 7, '7324670', '2018-11-15 15:48:06'),
(13, 8, '7422831', '2018-11-12 12:23:41'),
(14, 2, '6717679', '2018-11-13 16:16:32'),
(14, 3, '6717679', '2018-11-13 16:16:32'),
(14, 4, '6717679', '2018-11-13 16:16:32'),
(14, 5, '7289677', '2018-11-15 17:32:17'),
(14, 6, '7289677', '2018-11-15 17:32:17'),
(14, 7, '7289677', '2018-11-15 17:32:17'),
(14, 8, '6717679', '2018-11-13 16:16:32'),
(15, 2, '7324670', '2018-11-12 14:46:07'),
(15, 3, '7324670', '2018-11-12 14:46:07'),
(15, 4, '7324670', '2018-11-12 14:46:08'),
(15, 5, '7371107', '2018-11-16 15:02:42'),
(15, 6, '7371107', '2018-11-16 15:02:42'),
(15, 7, '7371107', '2018-11-16 15:02:42'),
(15, 8, '7324670', '2018-11-12 14:46:08'),
(18, 2, '7324670', '2018-11-12 09:14:47'),
(18, 3, '7324670', '2018-11-12 09:14:47'),
(18, 4, '7324670', '2018-11-12 09:14:47'),
(18, 5, '7324670', '2018-11-12 09:14:47'),
(18, 8, '7324670', '2018-11-12 09:14:47'),
(19, 2, '7422831', '2018-11-12 09:03:43'),
(19, 3, '7422831', '2018-11-12 09:03:43'),
(19, 4, '7422831', '2018-11-12 09:03:43'),
(19, 5, '7422831', '2018-11-12 09:03:43'),
(19, 6, '7422831', '2018-11-16 09:31:55'),
(19, 7, '7422831', '2018-11-16 09:31:55'),
(19, 8, '7422831', '2018-11-12 09:03:43'),
(20, 2, '7288367', '2018-11-15 10:44:15'),
(20, 3, '7288367', '2018-11-15 10:44:15'),
(20, 4, '7288367', '2018-11-15 10:44:15'),
(20, 5, '7288367', '2018-11-15 10:44:15'),
(20, 8, '7288367', '2018-11-15 10:44:15'),
(21, 2, '7324670', '2018-11-12 11:08:35'),
(21, 3, '7324670', '2018-11-12 11:08:35'),
(21, 4, '7324670', '2018-11-12 11:08:35'),
(21, 5, '7324670', '2018-11-12 11:08:36'),
(21, 6, '7368225', '2018-11-16 10:31:30'),
(21, 7, '7368225', '2018-11-16 10:31:30'),
(21, 8, '7324670', '2018-11-12 11:08:36'),
(22, 2, '7392394', '2018-11-10 10:59:17'),
(22, 3, '7392394', '2018-11-10 10:59:17'),
(22, 4, '7392394', '2018-11-10 10:59:17'),
(22, 5, '7392394', '2018-11-10 10:59:17'),
(22, 6, '7422831', '2018-11-16 10:29:31'),
(22, 7, '7422831', '2018-11-16 10:29:31'),
(22, 8, '7392394', '2018-11-10 10:59:17'),
(23, 2, '7371107', '2018-11-10 09:39:38'),
(23, 3, '7371107', '2018-11-10 09:39:38'),
(23, 4, '7371107', '2018-11-10 09:39:38'),
(23, 5, '7371107', '2018-11-10 09:39:38'),
(23, 6, '7324670', '2018-11-15 17:44:50'),
(23, 7, '7324670', '2018-11-15 17:44:50'),
(23, 8, '7371107', '2018-11-10 09:49:15'),
(24, 2, '7371107', '2018-11-10 10:03:56'),
(24, 3, '7371107', '2018-11-10 10:03:57'),
(24, 4, '7371107', '2018-11-10 10:03:57'),
(24, 5, '7371107', '2018-11-10 10:03:57'),
(24, 6, '7324670', '2018-11-15 15:46:27'),
(24, 7, '7324670', '2018-11-15 15:46:28'),
(24, 8, '7371107', '2018-11-10 10:03:57'),
(25, 2, '7392394', '2018-11-10 10:27:03'),
(25, 3, '7392394', '2018-11-10 10:27:03'),
(25, 4, '7392394', '2018-11-10 10:27:03'),
(25, 5, '7392394', '2018-11-10 10:27:03'),
(25, 6, '7422831', '2018-11-16 09:35:37'),
(25, 7, '7422831', '2018-11-16 09:35:37'),
(25, 8, '7392394', '2018-11-10 10:27:03'),
(26, 2, '7392394', '2018-11-10 10:42:21'),
(26, 3, '7392394', '2018-11-10 10:42:21'),
(26, 4, '7392394', '2018-11-10 10:42:21'),
(26, 5, '7392394', '2018-11-10 10:42:21'),
(26, 6, '7422831', '2018-11-15 17:13:30'),
(26, 7, '7422831', '2018-11-15 17:13:30'),
(26, 8, '7392394', '2018-11-10 10:42:21'),
(27, 2, '8531276', '2018-11-12 10:14:50'),
(27, 3, '8531276', '2018-11-12 10:14:50'),
(27, 4, '8531276', '2018-11-12 10:14:50'),
(27, 5, '8531276', '2018-11-12 10:14:50'),
(27, 6, '7324670', '2018-11-15 15:52:22'),
(27, 7, '7324670', '2018-11-15 15:52:22'),
(27, 8, '8531276', '2018-11-12 10:14:50'),
(28, 2, '8531276', '2018-11-12 09:33:24'),
(28, 3, '8531276', '2018-11-12 09:33:24'),
(28, 4, '8531276', '2018-11-12 09:33:24'),
(28, 5, '8531276', '2018-11-12 09:33:24'),
(28, 8, '8531276', '2018-11-12 09:33:24'),
(29, 2, '5747499', '2018-11-10 11:15:16'),
(29, 3, '5747499', '2018-11-10 11:15:16'),
(29, 4, '5747499', '2018-11-10 11:15:16'),
(29, 5, '5747499', '2018-11-10 11:15:16'),
(29, 6, '10915224', '2018-11-15 16:21:52'),
(29, 7, '10915224', '2018-11-15 16:21:52'),
(29, 8, '5747499', '2018-11-10 11:15:16'),
(30, 2, '8531276', '2018-11-12 09:12:38'),
(30, 3, '8531276', '2018-11-12 09:12:38'),
(30, 4, '8531276', '2018-11-12 09:12:38'),
(30, 5, '8531276', '2018-11-12 09:12:38'),
(30, 6, '7324670', '2018-11-15 16:01:08'),
(30, 7, '7324670', '2018-11-15 16:01:08'),
(30, 8, '8531276', '2018-11-12 09:12:38'),
(31, 2, '7324670', '2018-11-14 10:20:49'),
(31, 3, '7324670', '2018-11-14 10:20:49'),
(31, 4, '7324670', '2018-11-14 10:20:49'),
(31, 5, '7324670', '2018-11-14 10:20:49'),
(31, 8, '7324670', '2018-11-14 10:20:49'),
(32, 2, '7324670', '2018-11-13 10:18:15'),
(32, 3, '7324670', '2018-11-13 10:18:15'),
(32, 4, '7324670', '2018-11-13 10:18:15'),
(32, 5, '7422831', '2018-11-16 09:34:07'),
(32, 6, '7422831', '2018-11-16 09:33:08'),
(32, 7, '7422831', '2018-11-16 09:33:08'),
(32, 8, '7324670', '2018-11-13 10:18:16'),
(33, 2, '8531276', '2018-11-12 10:21:57'),
(33, 3, '8531276', '2018-11-12 10:21:57'),
(33, 4, '8531276', '2018-11-12 10:21:57'),
(33, 5, '8531276', '2018-11-12 10:21:57'),
(33, 8, '8531276', '2018-11-12 10:21:57'),
(34, 2, '7392394', '2018-11-10 11:02:21'),
(34, 3, '7392394', '2018-11-10 11:02:21'),
(34, 4, '7392394', '2018-11-10 11:02:21'),
(34, 5, '7392394', '2018-11-10 11:02:21'),
(34, 6, '7422831', '2018-11-15 15:58:14'),
(34, 7, '7422831', '2018-11-15 15:58:14'),
(34, 8, '7392394', '2018-11-10 11:02:21'),
(35, 2, '7288367', '2018-11-15 09:38:10'),
(35, 3, '7288367', '2018-11-15 09:38:10'),
(35, 4, '7288367', '2018-11-15 09:38:10'),
(35, 5, '7288367', '2018-11-15 09:38:10'),
(35, 6, '7371107', '2018-11-16 12:23:29'),
(35, 7, '7371107', '2018-11-16 12:23:29'),
(35, 8, '7288367', '2018-11-15 09:38:10'),
(36, 3, '7422831', '2018-11-16 12:21:29'),
(36, 4, '7422831', '2018-11-16 12:21:29'),
(36, 5, '7422831', '2018-11-16 12:21:29'),
(36, 6, '7422831', '2018-11-16 12:21:29'),
(36, 7, '7422831', '2018-11-16 12:21:29'),
(37, 2, '8531276', '2018-11-10 09:58:21'),
(37, 3, '8531276', '2018-11-10 09:58:21'),
(37, 4, '8531276', '2018-11-10 09:58:21'),
(37, 5, '8531276', '2018-11-12 10:20:45'),
(37, 6, '7371107', '2018-11-15 15:29:46'),
(37, 7, '7371107', '2018-11-15 15:29:46'),
(37, 8, '8531276', '2018-11-10 09:58:21'),
(38, 2, '7392394', '2018-11-12 16:42:46'),
(38, 3, '7392394', '2018-11-12 16:42:46'),
(38, 4, '7392394', '2018-11-12 16:42:46'),
(38, 5, '7422831', '2018-11-15 16:17:31'),
(38, 6, '7422831', '2018-11-15 16:17:31'),
(38, 7, '7422831', '2018-11-15 16:17:31'),
(38, 8, '7392394', '2018-11-12 16:42:46'),
(39, 2, '8531276', '2018-11-12 10:24:13'),
(39, 3, '8531276', '2018-11-12 10:24:13'),
(39, 4, '8531276', '2018-11-12 10:24:13'),
(39, 5, '8531276', '2018-11-12 10:24:13'),
(39, 6, '7324670', '2018-11-15 17:25:27'),
(39, 7, '7324670', '2018-11-15 17:25:28'),
(39, 8, '8531276', '2018-11-12 10:24:13'),
(40, 2, '7288367', '2018-11-10 10:14:39'),
(40, 3, '7288367', '2018-11-10 10:14:39'),
(40, 4, '7288367', '2018-11-10 10:14:39'),
(40, 5, '7288367', '2018-11-12 10:22:00'),
(40, 6, '8531276', '2018-11-15 15:54:21'),
(40, 7, '8531276', '2018-11-15 15:54:21'),
(40, 8, '7288367', '2018-11-10 10:14:39'),
(41, 2, '7288367', '2018-11-12 09:49:12'),
(41, 3, '7288367', '2018-11-12 09:49:12'),
(41, 4, '7288367', '2018-11-12 09:49:12'),
(41, 5, '7288367', '2018-11-12 09:49:12'),
(41, 8, '7288367', '2018-11-12 09:49:12'),
(42, 2, '7422831', '2018-11-12 09:25:42'),
(42, 3, '7422831', '2018-11-12 09:25:42'),
(42, 4, '7422831', '2018-11-12 09:25:42'),
(42, 5, '7422831', '2018-11-12 09:25:42'),
(42, 8, '7422831', '2018-11-12 09:25:42'),
(43, 2, '7324670', '2018-11-12 11:05:20'),
(43, 3, '7324670', '2018-11-12 11:05:20'),
(43, 4, '7324670', '2018-11-12 11:05:20'),
(43, 5, '7324670', '2018-11-12 11:05:20'),
(43, 6, '7371107', '2018-11-15 16:37:19'),
(43, 7, '7371107', '2018-11-15 16:37:19'),
(43, 8, '7324670', '2018-11-12 11:05:20'),
(44, 2, '8531276', '2018-11-10 10:49:41'),
(44, 3, '8531276', '2018-11-10 10:49:41'),
(44, 4, '8531276', '2018-11-10 10:49:41'),
(44, 5, '8531276', '2018-11-10 10:49:41'),
(44, 6, '7368225', '2018-11-16 10:36:30'),
(44, 7, '7368225', '2018-11-16 10:36:30'),
(44, 8, '8531276', '2018-11-10 10:49:41'),
(45, 2, '7324670', '2018-11-10 10:49:32'),
(45, 3, '7324670', '2018-11-10 10:49:32'),
(45, 4, '7324670', '2018-11-10 10:49:32'),
(45, 5, '7324670', '2018-11-10 10:49:32'),
(45, 6, '7371107', '2018-11-15 16:36:18'),
(45, 7, '7371107', '2018-11-15 16:36:18'),
(45, 8, '7324670', '2018-11-10 10:49:32'),
(46, 2, '7392394', '2018-11-12 15:10:31'),
(46, 3, '7392394', '2018-11-12 15:10:31'),
(46, 4, '7392394', '2018-11-12 15:10:31'),
(46, 8, '7392394', '2018-11-12 15:10:31'),
(47, 2, '7392394', '2018-11-10 10:50:19'),
(47, 3, '7392394', '2018-11-10 10:50:19'),
(47, 4, '7392394', '2018-11-10 10:50:19'),
(47, 5, '7392394', '2018-11-10 10:50:19'),
(47, 6, '7371107', '2018-11-15 16:06:17'),
(47, 7, '7371107', '2018-11-15 16:06:17'),
(47, 8, '7392394', '2018-11-10 10:50:19'),
(48, 2, '7324670', '2018-11-12 09:32:31'),
(48, 3, '7324670', '2018-11-12 09:32:31'),
(48, 4, '7324670', '2018-11-12 09:32:31'),
(48, 5, '7324670', '2018-11-12 09:32:31'),
(48, 6, '8531276', '2018-11-15 15:58:03'),
(48, 7, '8531276', '2018-11-15 15:58:03'),
(48, 8, '7324670', '2018-11-12 09:32:31'),
(49, 2, '7324670', '2018-11-12 10:33:54'),
(49, 3, '7324670', '2018-11-12 10:33:54'),
(49, 4, '7324670', '2018-11-12 10:33:54'),
(49, 5, '7324670', '2018-11-12 10:33:54'),
(49, 6, '7374887', '2018-11-16 09:03:49'),
(49, 7, '7374887', '2018-11-16 09:03:49'),
(49, 8, '7324670', '2018-11-12 10:33:54'),
(50, 2, '7324670', '2018-11-12 09:46:17'),
(50, 3, '7324670', '2018-11-12 09:46:17'),
(50, 4, '7324670', '2018-11-12 09:46:17'),
(50, 5, '7324670', '2018-11-12 09:46:17'),
(50, 6, '7371107', '2018-11-16 11:09:32'),
(50, 7, '7371107', '2018-11-16 11:09:32'),
(50, 8, '7324670', '2018-11-12 09:46:17'),
(51, 2, '7422831', '2018-11-12 09:56:57'),
(51, 3, '7422831', '2018-11-12 09:56:57'),
(51, 4, '7422831', '2018-11-12 09:56:57'),
(51, 5, '7422831', '2018-11-12 09:56:57'),
(51, 6, '7422831', '2018-11-15 17:40:38'),
(51, 7, '7422831', '2018-11-15 17:40:38'),
(51, 8, '7422831', '2018-11-12 09:56:57'),
(52, 2, '7324670', '2018-11-12 10:35:02'),
(52, 3, '7324670', '2018-11-12 10:35:02'),
(52, 4, '7324670', '2018-11-12 10:35:02'),
(52, 5, '7324670', '2018-11-12 10:35:02'),
(52, 6, '7324670', '2018-11-15 16:32:40'),
(52, 7, '7324670', '2018-11-15 16:32:40'),
(52, 8, '7324670', '2018-11-12 10:35:02'),
(53, 2, '7392394', '2018-11-10 10:23:46'),
(53, 3, '7392394', '2018-11-10 10:23:46'),
(53, 4, '7392394', '2018-11-10 10:23:46'),
(53, 5, '7392394', '2018-11-10 10:23:46'),
(53, 6, '7422831', '2018-11-16 11:08:34'),
(53, 7, '7422831', '2018-11-16 11:08:34'),
(53, 8, '7392394', '2018-11-10 10:23:46'),
(54, 2, '8531276', '2018-11-12 10:50:09'),
(54, 3, '8531276', '2018-11-12 10:50:09'),
(54, 4, '8531276', '2018-11-12 10:50:09'),
(54, 5, '8531276', '2018-11-12 10:50:09'),
(54, 8, '8531276', '2018-11-12 10:50:09'),
(55, 2, '7422831', '2018-11-12 09:58:20'),
(55, 3, '7422831', '2018-11-12 09:58:20'),
(55, 4, '7422831', '2018-11-12 09:58:20'),
(55, 5, '7422831', '2018-11-12 09:58:20'),
(55, 6, '7422831', '2018-11-15 17:39:18'),
(55, 7, '7422831', '2018-11-15 17:39:18'),
(55, 8, '7422831', '2018-11-12 09:58:20'),
(56, 2, '7392394', '2018-11-10 10:21:08'),
(56, 3, '7392394', '2018-11-10 10:21:08'),
(56, 4, '7392394', '2018-11-10 10:21:08'),
(56, 5, '7392394', '2018-11-10 10:21:08'),
(56, 6, '7422831', '2018-11-16 11:16:32'),
(56, 7, '7422831', '2018-11-16 11:16:32'),
(56, 8, '7392394', '2018-11-10 10:21:08'),
(57, 2, '8531276', '2018-11-12 09:59:12'),
(57, 3, '8531276', '2018-11-12 09:59:12'),
(57, 4, '8531276', '2018-11-12 09:59:12'),
(57, 5, '8531276', '2018-11-12 09:59:12'),
(57, 6, '7392394', '2018-11-16 09:40:32'),
(57, 7, '7392394', '2018-11-16 09:40:32'),
(57, 8, '8531276', '2018-11-12 09:59:12'),
(58, 2, '7392394', '2018-11-12 10:50:53'),
(58, 3, '7392394', '2018-11-12 10:50:53'),
(58, 4, '7392394', '2018-11-12 10:50:53'),
(58, 5, '7392394', '2018-11-12 10:50:53'),
(58, 8, '7392394', '2018-11-12 10:50:53'),
(59, 2, '8531276', '2018-11-12 09:08:07'),
(59, 3, '8531276', '2018-11-12 09:08:07'),
(59, 4, '8531276', '2018-11-12 09:08:07'),
(59, 5, '8531276', '2018-11-12 09:08:07'),
(59, 8, '8531276', '2018-11-12 09:08:07'),
(60, 2, '7324670', '2018-11-12 10:23:49'),
(60, 3, '7324670', '2018-11-12 10:23:49'),
(60, 4, '7324670', '2018-11-12 10:23:49'),
(60, 5, '7324670', '2018-11-12 10:23:49'),
(60, 6, '8531276', '2018-11-16 10:37:51'),
(60, 7, '8531276', '2018-11-16 10:37:51'),
(60, 8, '7324670', '2018-11-12 10:23:49'),
(61, 2, '8531276', '2018-11-12 09:31:01'),
(61, 3, '8531276', '2018-11-12 09:31:01'),
(61, 4, '8531276', '2018-11-12 09:31:01'),
(61, 5, '8531276', '2018-11-12 09:31:01'),
(61, 6, '7374887', '2018-11-16 10:51:48'),
(61, 7, '7374887', '2018-11-16 10:51:48'),
(61, 8, '8531276', '2018-11-12 09:31:01'),
(62, 2, '7324670', '2018-11-10 10:14:00'),
(62, 3, '7324670', '2018-11-10 10:14:00'),
(62, 4, '7324670', '2018-11-10 10:14:00'),
(62, 5, '7324670', '2018-11-10 10:14:00'),
(62, 6, '7371107', '2018-11-15 15:55:25'),
(62, 7, '7371107', '2018-11-15 15:55:25'),
(62, 8, '7324670', '2018-11-10 10:14:00'),
(63, 2, '5747499', '2018-11-10 10:44:57'),
(63, 3, '5747499', '2018-11-10 10:44:57'),
(63, 4, '5747499', '2018-11-10 10:44:57'),
(63, 5, '5747499', '2018-11-10 10:44:57'),
(63, 6, '10915224', '2018-11-15 15:53:17'),
(63, 7, '10915224', '2018-11-15 15:53:17'),
(63, 8, '5747499', '2018-11-10 10:44:57'),
(64, 2, '7371107', '2018-11-10 11:28:04'),
(64, 3, '7371107', '2018-11-10 11:28:04'),
(64, 4, '7371107', '2018-11-10 11:28:04'),
(64, 5, '7371107', '2018-11-10 11:28:04'),
(64, 6, '8531276', '2018-11-16 11:51:30'),
(64, 7, '8531276', '2018-11-16 11:51:30'),
(64, 8, '7371107', '2018-11-10 11:28:04'),
(65, 2, '5747499', '2018-11-10 11:32:05'),
(65, 3, '5747499', '2018-11-10 11:32:05'),
(65, 4, '5747499', '2018-11-10 11:32:05'),
(65, 5, '5747499', '2018-11-10 11:32:05'),
(65, 6, '10915224', '2018-11-15 15:44:53'),
(65, 7, '10915224', '2018-11-15 15:44:53'),
(65, 8, '5747499', '2018-11-10 11:32:05'),
(66, 2, '7324670', '2018-11-10 10:57:13'),
(66, 3, '7324670', '2018-11-10 10:57:13'),
(66, 4, '7324670', '2018-11-10 10:57:13'),
(66, 5, '7324670', '2018-11-10 10:57:13'),
(66, 6, '7289677', '2018-11-15 15:55:50'),
(66, 7, '7289677', '2018-11-15 15:55:50'),
(66, 8, '7324670', '2018-11-10 10:57:13'),
(67, 2, '7324670', '2018-11-12 09:28:50'),
(67, 3, '7324670', '2018-11-12 09:28:50'),
(67, 4, '7324670', '2018-11-12 09:28:50'),
(67, 5, '7324670', '2018-11-12 09:28:50'),
(67, 6, '8531276', '2018-11-15 15:40:54'),
(67, 7, '8531276', '2018-11-15 15:40:54'),
(67, 8, '7324670', '2018-11-12 09:28:50'),
(68, 2, '7288367', '2018-11-10 11:27:26'),
(68, 3, '7288367', '2018-11-10 11:27:26'),
(68, 4, '7288367', '2018-11-10 11:27:26'),
(68, 5, '7288367', '2018-11-10 11:27:26'),
(68, 6, '8531276', '2018-11-15 15:42:09'),
(68, 7, '8531276', '2018-11-15 15:42:09'),
(68, 8, '7288367', '2018-11-10 11:27:26'),
(69, 2, '7324670', '2018-11-12 09:15:42'),
(69, 3, '7324670', '2018-11-12 09:15:43'),
(69, 4, '7324670', '2018-11-12 09:15:43'),
(69, 5, '7324670', '2018-11-12 09:15:43'),
(69, 6, '7289677', '2018-11-15 16:43:17'),
(69, 7, '7289677', '2018-11-15 16:43:17'),
(69, 8, '7324670', '2018-11-12 09:15:43'),
(70, 2, '7288367', '2018-11-10 11:28:49'),
(70, 3, '7288367', '2018-11-10 11:28:49'),
(70, 4, '7288367', '2018-11-10 11:28:49'),
(70, 5, '7288367', '2018-11-10 11:28:49'),
(70, 6, '8531276', '2018-11-16 10:41:45'),
(70, 7, '8531276', '2018-11-16 10:41:46'),
(70, 8, '7288367', '2018-11-10 11:28:49'),
(71, 2, '7371107', '2018-11-12 12:44:35'),
(71, 3, '7371107', '2018-11-12 12:44:35'),
(71, 4, '7371107', '2018-11-12 12:44:35'),
(71, 5, '7371107', '2018-11-12 12:44:35'),
(71, 6, '7422831', '2018-11-16 09:29:01'),
(71, 7, '7422831', '2018-11-16 09:29:01'),
(71, 8, '7371107', '2018-11-12 12:44:35'),
(72, 2, '8531276', '2018-11-12 10:19:49'),
(72, 3, '8531276', '2018-11-12 10:19:49'),
(72, 4, '8531276', '2018-11-12 10:19:49'),
(72, 5, '8531276', '2018-11-12 10:19:49'),
(72, 6, '10915224', '2018-11-15 15:21:45'),
(72, 7, '10915224', '2018-11-15 15:21:45'),
(72, 8, '8531276', '2018-11-12 10:19:49'),
(73, 2, '7324670', '2018-11-12 08:58:50'),
(73, 3, '7324670', '2018-11-12 08:58:50'),
(73, 4, '7324670', '2018-11-12 08:58:50'),
(73, 5, '7324670', '2018-11-12 08:58:50'),
(73, 8, '7324670', '2018-11-12 08:58:50'),
(74, 2, '7324670', '2018-11-12 08:59:31'),
(74, 3, '7324670', '2018-11-12 08:59:31'),
(74, 4, '7324670', '2018-11-12 08:59:31'),
(74, 5, '7324670', '2018-11-12 08:59:31'),
(74, 8, '7324670', '2018-11-12 08:59:31'),
(75, 2, '7371107', '2018-11-10 10:11:00'),
(75, 3, '7371107', '2018-11-10 10:11:00'),
(75, 4, '7371107', '2018-11-10 10:11:00'),
(75, 5, '7371107', '2018-11-10 10:11:00'),
(75, 6, '7324670', '2018-11-15 15:57:52'),
(75, 7, '7324670', '2018-11-15 15:57:52'),
(75, 8, '7371107', '2018-11-10 10:11:00'),
(76, 2, '7371107', '2018-11-10 11:10:59'),
(76, 3, '7371107', '2018-11-10 11:10:59'),
(76, 4, '7371107', '2018-11-10 11:10:59'),
(76, 5, '7371107', '2018-11-10 11:10:59'),
(76, 6, '7324670', '2018-11-15 17:27:50'),
(76, 7, '7324670', '2018-11-15 17:27:50'),
(76, 8, '7371107', '2018-11-10 11:10:59'),
(77, 2, '7392394', '2018-11-10 09:57:44'),
(77, 3, '7392394', '2018-11-10 09:57:44'),
(77, 4, '7392394', '2018-11-10 09:57:44'),
(77, 5, '7392394', '2018-11-10 09:57:44'),
(77, 6, '7324670', '2018-11-15 16:46:39'),
(77, 7, '7324670', '2018-11-15 16:46:39'),
(77, 8, '7392394', '2018-11-10 09:57:44'),
(78, 2, '8531276', '2018-11-10 11:26:27'),
(78, 3, '8531276', '2018-11-10 11:26:27'),
(78, 4, '8531276', '2018-11-10 11:26:27'),
(78, 5, '8531276', '2018-11-10 11:26:27'),
(78, 6, '8531276', '2018-11-15 17:17:33'),
(78, 7, '8531276', '2018-11-15 17:17:33'),
(78, 8, '8531276', '2018-11-10 11:26:27'),
(79, 2, '5747499', '2018-11-10 10:18:35'),
(79, 3, '5747499', '2018-11-10 10:18:35'),
(79, 4, '5747499', '2018-11-10 10:18:35'),
(79, 5, '5747499', '2018-11-10 10:18:35'),
(79, 6, '10915224', '2018-11-15 16:26:17'),
(79, 7, '10915224', '2018-11-15 16:26:18'),
(79, 8, '5747499', '2018-11-10 10:18:35'),
(80, 2, '7324670', '2018-11-12 09:49:56'),
(80, 3, '7324670', '2018-11-12 09:49:56'),
(80, 4, '7324670', '2018-11-12 09:49:57'),
(80, 5, '7324670', '2018-11-12 09:49:57'),
(80, 8, '7324670', '2018-11-12 09:49:57'),
(81, 2, '7324670', '2018-11-12 10:59:30'),
(81, 3, '7324670', '2018-11-12 10:59:30'),
(81, 4, '7324670', '2018-11-12 10:59:30'),
(81, 5, '7324670', '2018-11-12 10:59:30'),
(81, 6, '7289677', '2018-11-15 16:18:06'),
(81, 7, '7289677', '2018-11-15 16:18:06'),
(81, 8, '7324670', '2018-11-12 10:59:30'),
(82, 2, '7324670', '2018-11-12 10:18:21'),
(82, 3, '7324670', '2018-11-12 10:18:21'),
(82, 4, '7324670', '2018-11-12 10:18:21'),
(82, 5, '7324670', '2018-11-12 10:18:21'),
(82, 6, '8531276', '2018-11-15 15:17:41'),
(82, 7, '8531276', '2018-11-15 15:17:41'),
(82, 8, '7324670', '2018-11-12 10:18:21'),
(83, 2, '7324670', '2018-11-12 10:52:59'),
(83, 3, '7324670', '2018-11-12 10:52:59'),
(83, 4, '7324670', '2018-11-12 10:52:59'),
(83, 5, '7324670', '2018-11-12 10:52:59'),
(83, 8, '7324670', '2018-11-12 10:52:59'),
(84, 2, '8531276', '2018-11-12 09:54:37'),
(84, 3, '8531276', '2018-11-12 09:54:37'),
(84, 4, '8531276', '2018-11-12 09:54:37'),
(84, 5, '8531276', '2018-11-12 09:54:37'),
(84, 6, '7374887', '2018-11-16 11:49:36'),
(84, 7, '7374887', '2018-11-16 11:49:36'),
(84, 8, '8531276', '2018-11-12 09:54:37'),
(85, 2, '7371107', '2018-11-10 11:53:47'),
(85, 3, '7371107', '2018-11-10 11:53:47'),
(85, 4, '7371107', '2018-11-10 11:53:47'),
(85, 5, '7371107', '2018-11-10 11:53:47'),
(85, 6, '7324670', '2018-11-15 16:00:09'),
(85, 7, '7324670', '2018-11-15 16:00:09'),
(85, 8, '7371107', '2018-11-10 11:53:47'),
(86, 2, '7324670', '2018-11-10 11:53:37'),
(86, 3, '7324670', '2018-11-10 11:53:37'),
(86, 4, '7324670', '2018-11-10 11:53:37'),
(86, 5, '7324670', '2018-11-10 11:53:37'),
(86, 6, '7289677', '2018-11-15 15:53:07'),
(86, 7, '7289677', '2018-11-15 15:53:07'),
(86, 8, '7324670', '2018-11-10 11:53:37'),
(87, 2, '7371107', '2018-11-10 11:55:07'),
(87, 3, '7371107', '2018-11-10 11:55:07'),
(87, 4, '7371107', '2018-11-10 11:55:07'),
(87, 5, '7371107', '2018-11-10 11:55:07'),
(87, 6, '7324670', '2018-11-15 16:02:26'),
(87, 7, '7324670', '2018-11-15 16:02:26'),
(87, 8, '7371107', '2018-11-10 11:55:07'),
(88, 2, '8531276', '2018-11-12 14:41:50'),
(88, 3, '8531276', '2018-11-12 14:41:50'),
(88, 4, '8531276', '2018-11-12 14:41:50'),
(88, 5, '7324670', '2018-11-15 16:09:03'),
(88, 6, '7324670', '2018-11-15 16:09:03'),
(88, 7, '7324670', '2018-11-15 16:09:03'),
(88, 8, '8531276', '2018-11-12 14:41:50'),
(89, 2, '7392394', '2018-11-10 11:11:06'),
(89, 3, '7392394', '2018-11-10 11:11:06'),
(89, 4, '7392394', '2018-11-10 11:11:06'),
(89, 5, '7392394', '2018-11-10 11:11:06'),
(89, 6, '7371107', '2018-11-15 15:38:07'),
(89, 7, '7371107', '2018-11-15 15:38:07'),
(89, 8, '7392394', '2018-11-10 11:11:06'),
(90, 2, '7324670', '2018-11-10 11:10:22'),
(90, 3, '7324670', '2018-11-10 11:10:22'),
(90, 4, '7324670', '2018-11-10 11:10:22'),
(90, 5, '7324670', '2018-11-10 11:10:22'),
(90, 6, '7371107', '2018-11-16 09:03:58'),
(90, 7, '7371107', '2018-11-16 09:03:58'),
(90, 8, '7324670', '2018-11-10 11:10:22'),
(91, 2, '7392394', '2018-11-10 12:09:51'),
(91, 3, '7392394', '2018-11-10 12:09:51'),
(91, 4, '7392394', '2018-11-10 12:09:51'),
(91, 5, '7392394', '2018-11-10 12:09:51'),
(91, 6, '7371107', '2018-11-15 16:56:53'),
(91, 7, '7371107', '2018-11-15 16:56:53'),
(91, 8, '7392394', '2018-11-10 12:09:51'),
(92, 2, '7324670', '2018-11-10 10:27:06'),
(92, 3, '7324670', '2018-11-10 10:27:06'),
(92, 4, '7324670', '2018-11-10 10:27:06'),
(92, 5, '7324670', '2018-11-10 10:27:06'),
(92, 6, '7371107', '2018-11-15 17:27:34'),
(92, 7, '7371107', '2018-11-15 17:27:34'),
(92, 8, '7324670', '2018-11-10 10:27:06'),
(93, 2, '8531276', '2018-11-12 09:18:44'),
(93, 3, '8531276', '2018-11-12 09:18:44'),
(93, 4, '8531276', '2018-11-12 09:18:44'),
(93, 5, '8531276', '2018-11-12 09:18:44'),
(93, 8, '8531276', '2018-11-12 09:18:44'),
(94, 2, '7422831', '2018-11-12 09:13:14'),
(94, 3, '7422831', '2018-11-12 09:13:14'),
(94, 4, '7422831', '2018-11-12 09:13:14'),
(94, 5, '7422831', '2018-11-12 09:13:14'),
(94, 6, '7371107', '2018-11-16 10:38:01'),
(94, 7, '7371107', '2018-11-16 10:38:01'),
(94, 8, '7422831', '2018-11-12 09:13:14'),
(95, 2, '7288367', '2018-11-10 10:22:22'),
(95, 3, '7288367', '2018-11-10 10:22:22'),
(95, 4, '7288367', '2018-11-10 10:22:22'),
(95, 5, '7288367', '2018-11-10 10:22:22'),
(95, 6, '8531276', '2018-11-16 09:16:57'),
(95, 7, '8531276', '2018-11-16 09:16:57'),
(95, 8, '7288367', '2018-11-10 10:22:22'),
(96, 2, '7371107', '2018-11-10 10:14:24'),
(96, 3, '7371107', '2018-11-10 10:14:24'),
(96, 4, '7371107', '2018-11-10 10:14:24'),
(96, 5, '7371107', '2018-11-10 10:14:24'),
(96, 8, '7371107', '2018-11-10 10:14:24'),
(97, 2, '7324670', '2018-11-10 10:19:27'),
(97, 3, '7324670', '2018-11-10 10:19:27'),
(97, 4, '7324670', '2018-11-10 10:19:27'),
(97, 5, '7324670', '2018-11-10 10:19:27'),
(97, 6, '7371107', '2018-11-15 15:41:03'),
(97, 7, '7371107', '2018-11-15 15:41:03'),
(97, 8, '7324670', '2018-11-10 10:19:27'),
(98, 2, '7392394', '2018-11-10 10:22:19'),
(98, 3, '7392394', '2018-11-10 10:22:19'),
(98, 4, '7392394', '2018-11-10 10:22:19'),
(98, 5, '7392394', '2018-11-10 10:22:19'),
(98, 6, '7422831', '2018-11-15 15:40:32'),
(98, 7, '7422831', '2018-11-15 15:40:32'),
(98, 8, '7392394', '2018-11-10 10:22:19'),
(99, 2, '5747499', '2018-11-10 11:46:46'),
(99, 3, '5747499', '2018-11-10 11:46:46'),
(99, 4, '5747499', '2018-11-10 11:46:46'),
(99, 5, '5747499', '2018-11-10 11:46:46'),
(99, 6, '7374887', '2018-11-16 12:14:04'),
(99, 7, '7374887', '2018-11-16 12:14:04'),
(99, 8, '5747499', '2018-11-10 11:46:46'),
(100, 2, '7392394', '2018-11-10 10:30:06'),
(100, 3, '7392394', '2018-11-10 10:30:06'),
(100, 4, '7392394', '2018-11-10 10:30:06'),
(100, 5, '7392394', '2018-11-10 10:30:06'),
(100, 6, '7371107', '2018-11-15 16:16:50'),
(100, 7, '7371107', '2018-11-15 16:16:50'),
(100, 8, '7392394', '2018-11-10 10:30:06'),
(101, 2, '7392394', '2018-11-10 10:10:08'),
(101, 3, '7392394', '2018-11-10 10:10:08'),
(101, 4, '7392394', '2018-11-10 10:10:08'),
(101, 5, '7392394', '2018-11-10 10:10:08'),
(101, 6, '7371107', '2018-11-15 17:02:48'),
(101, 7, '7371107', '2018-11-15 17:02:49'),
(101, 8, '7392394', '2018-11-10 10:10:08'),
(102, 2, '7324670', '2018-11-12 10:27:28'),
(102, 3, '7324670', '2018-11-12 10:27:28'),
(102, 4, '7324670', '2018-11-12 10:27:28'),
(102, 5, '7324670', '2018-11-12 10:27:28'),
(102, 6, '7371107', '2018-11-15 16:22:37'),
(102, 7, '7371107', '2018-11-15 16:22:37'),
(102, 8, '7324670', '2018-11-12 10:27:28'),
(103, 2, '7422831', '2018-11-12 10:25:28'),
(103, 3, '7422831', '2018-11-12 10:25:28'),
(103, 4, '7422831', '2018-11-12 10:25:28'),
(103, 5, '7422831', '2018-11-12 10:25:28'),
(103, 6, '7371107', '2018-11-15 16:18:11'),
(103, 7, '7371107', '2018-11-15 16:18:11'),
(103, 8, '7422831', '2018-11-12 10:25:28'),
(104, 2, '7392394', '2018-11-10 10:11:30'),
(104, 3, '7392394', '2018-11-10 10:11:30'),
(104, 4, '7392394', '2018-11-10 10:11:30'),
(104, 5, '7392394', '2018-11-10 10:11:30'),
(104, 6, '7371107', '2018-11-15 16:13:52'),
(104, 7, '7371107', '2018-11-15 16:13:52'),
(104, 8, '7392394', '2018-11-10 10:11:30'),
(105, 2, '5747499', '2018-11-10 10:12:42'),
(105, 3, '5747499', '2018-11-10 10:12:42'),
(105, 4, '5747499', '2018-11-10 10:12:42'),
(105, 5, '5747499', '2018-11-10 10:12:42'),
(105, 6, '7374887', '2018-11-16 10:20:06'),
(105, 7, '7374887', '2018-11-16 10:20:06'),
(105, 8, '5747499', '2018-11-10 10:12:42'),
(106, 2, '7392394', '2018-11-12 11:12:22'),
(106, 3, '7392394', '2018-11-12 11:12:22'),
(106, 4, '7392394', '2018-11-12 11:12:22'),
(106, 5, '7392394', '2018-11-12 11:12:22'),
(106, 6, '7371107', '2018-11-16 10:27:34'),
(106, 7, '7371107', '2018-11-16 10:27:34'),
(106, 8, '7392394', '2018-11-12 11:12:22'),
(107, 2, '7392394', '2018-11-12 11:42:57'),
(107, 3, '7392394', '2018-11-12 11:42:57'),
(107, 4, '7392394', '2018-11-12 11:42:57'),
(107, 5, '7392394', '2018-11-12 11:42:57'),
(107, 8, '7392394', '2018-11-12 11:42:57'),
(108, 2, '7371107', '2018-11-10 11:30:24'),
(108, 3, '7371107', '2018-11-10 11:30:24'),
(108, 4, '7371107', '2018-11-10 11:30:24'),
(108, 5, '7371107', '2018-11-10 11:30:24'),
(108, 6, '7324670', '2018-11-15 16:25:02'),
(108, 7, '7324670', '2018-11-15 16:25:02'),
(108, 8, '7371107', '2018-11-10 11:30:24'),
(109, 2, '8531276', '2018-11-12 10:17:13'),
(109, 3, '8531276', '2018-11-12 10:17:13'),
(109, 4, '8531276', '2018-11-12 10:17:13'),
(109, 5, '8531276', '2018-11-12 10:17:13'),
(109, 6, '10915224', '2018-11-15 16:14:59'),
(109, 7, '10915224', '2018-11-15 16:14:59'),
(109, 8, '8531276', '2018-11-12 10:17:13'),
(110, 2, '7422831', '2018-11-12 10:36:21'),
(110, 3, '7422831', '2018-11-12 10:36:21'),
(110, 4, '7422831', '2018-11-12 10:36:21'),
(110, 5, '7422831', '2018-11-12 10:36:21'),
(110, 6, '7371107', '2018-11-16 09:57:41'),
(110, 7, '7371107', '2018-11-16 09:57:41'),
(110, 8, '7422831', '2018-11-12 10:36:21'),
(111, 2, '7422831', '2018-11-12 09:20:21'),
(111, 3, '7422831', '2018-11-12 09:20:21'),
(111, 4, '7422831', '2018-11-12 09:20:21'),
(111, 5, '7422831', '2018-11-12 09:20:21'),
(111, 6, '7422831', '2018-11-15 17:32:06'),
(111, 7, '7422831', '2018-11-15 17:32:06'),
(111, 8, '7422831', '2018-11-12 09:20:22'),
(112, 2, '8531276', '2018-11-10 10:16:03'),
(112, 3, '8531276', '2018-11-10 10:16:03'),
(112, 4, '8531276', '2018-11-10 10:16:03'),
(112, 5, '8531276', '2018-11-10 10:16:03'),
(112, 6, '7289677', '2018-11-15 16:32:48'),
(112, 7, '7289677', '2018-11-15 16:32:48'),
(112, 8, '8531276', '2018-11-10 10:16:03'),
(113, 2, '5747499', '2018-11-10 11:29:51'),
(113, 3, '5747499', '2018-11-10 11:29:51'),
(113, 4, '5747499', '2018-11-10 11:29:51'),
(113, 5, '5747499', '2018-11-10 11:29:51'),
(113, 6, '10915224', '2018-11-15 16:41:51'),
(113, 7, '10915224', '2018-11-15 16:41:51'),
(113, 8, '5747499', '2018-11-10 11:29:51'),
(114, 2, '7324670', '2018-11-10 10:35:17'),
(114, 3, '7324670', '2018-11-10 10:35:17'),
(114, 4, '7324670', '2018-11-10 10:35:17'),
(114, 5, '7324670', '2018-11-10 10:35:17'),
(114, 6, '7371107', '2018-11-15 16:35:12'),
(114, 7, '7371107', '2018-11-15 16:35:12'),
(114, 8, '7324670', '2018-11-10 10:35:17'),
(115, 2, '5747499', '2018-11-12 09:28:52'),
(115, 3, '5747499', '2018-11-12 09:28:52'),
(115, 4, '5747499', '2018-11-12 09:28:52'),
(115, 5, '5747499', '2018-11-12 09:28:52'),
(115, 6, '7392394', '2018-11-16 10:29:32'),
(115, 7, '7392394', '2018-11-16 10:29:32'),
(115, 8, '5747499', '2018-11-12 09:28:52'),
(116, 2, '7371107', '2018-11-10 10:45:26'),
(116, 3, '7371107', '2018-11-10 10:45:26'),
(116, 4, '7371107', '2018-11-10 10:45:26'),
(116, 5, '7371107', '2018-11-10 10:45:26'),
(116, 6, '7371107', '2018-11-15 15:51:56'),
(116, 7, '7371107', '2018-11-15 15:51:56'),
(116, 8, '7371107', '2018-11-10 10:45:26'),
(117, 2, '7422831', '2018-11-12 09:47:31'),
(117, 3, '7422831', '2018-11-12 09:47:31'),
(117, 4, '7422831', '2018-11-12 09:47:31'),
(117, 5, '7422831', '2018-11-12 09:47:31'),
(117, 6, '7371107', '2018-11-15 15:57:29'),
(117, 7, '7371107', '2018-11-15 15:57:29'),
(117, 8, '7422831', '2018-11-12 09:47:31'),
(118, 2, '7324670', '2018-11-12 12:03:41'),
(118, 3, '7324670', '2018-11-12 12:03:41'),
(118, 4, '7324670', '2018-11-12 12:03:41'),
(118, 5, '7324670', '2018-11-12 12:03:41'),
(118, 6, '8531276', '2018-11-15 16:15:53'),
(118, 7, '8531276', '2018-11-15 16:15:53'),
(118, 8, '7324670', '2018-11-12 12:03:41'),
(119, 2, '8531276', '2018-11-12 12:03:13'),
(119, 3, '8531276', '2018-11-12 12:03:13'),
(119, 4, '8531276', '2018-11-12 12:03:13'),
(119, 5, '8531276', '2018-11-12 12:03:13'),
(119, 6, '7324670', '2018-11-15 16:15:27'),
(119, 7, '7324670', '2018-11-15 16:15:27'),
(119, 8, '8531276', '2018-11-12 12:03:13'),
(120, 2, '8531276', '2018-11-12 09:27:28'),
(120, 3, '8531276', '2018-11-12 09:27:28'),
(120, 4, '8531276', '2018-11-12 09:27:28'),
(120, 5, '8531276', '2018-11-12 09:27:28'),
(120, 6, '10915224', '2018-11-15 16:09:15'),
(120, 7, '10915224', '2018-11-15 16:09:15'),
(120, 8, '8531276', '2018-11-12 09:27:28'),
(121, 2, '7324670', '2018-11-12 10:26:15'),
(121, 3, '7324670', '2018-11-12 10:26:15'),
(121, 4, '7324670', '2018-11-12 10:26:15'),
(121, 5, '7324670', '2018-11-12 10:26:15'),
(121, 6, '7368225', '2018-11-16 09:51:23'),
(121, 7, '7368225', '2018-11-16 09:51:23'),
(121, 8, '7324670', '2018-11-12 10:26:15'),
(122, 2, '7422831', '2018-11-12 10:24:00'),
(122, 3, '7422831', '2018-11-12 10:24:00'),
(122, 4, '7422831', '2018-11-12 10:24:00'),
(122, 5, '7422831', '2018-11-12 10:24:00'),
(122, 6, '7422831', '2018-11-15 15:57:01'),
(122, 7, '7422831', '2018-11-15 15:57:01'),
(122, 8, '7422831', '2018-11-12 10:24:00'),
(123, 2, '8531276', '2018-11-13 09:20:41'),
(123, 3, '8531276', '2018-11-13 09:20:41'),
(123, 4, '8531276', '2018-11-13 09:20:41'),
(123, 8, '8531276', '2018-11-13 09:20:41'),
(124, 2, '7392394', '2018-11-10 10:48:46'),
(124, 3, '7392394', '2018-11-10 10:48:46'),
(124, 4, '7392394', '2018-11-10 10:48:46'),
(124, 5, '7392394', '2018-11-10 10:48:46'),
(124, 6, '7422831', '2018-11-15 16:06:10'),
(124, 7, '7422831', '2018-11-15 16:06:10'),
(124, 8, '7392394', '2018-11-10 10:48:46'),
(125, 2, '5747499', '2018-11-10 10:08:22'),
(125, 3, '5747499', '2018-11-10 10:08:22'),
(125, 4, '5747499', '2018-11-10 10:08:22'),
(125, 5, '5747499', '2018-11-10 10:08:22'),
(125, 6, '10915224', '2018-11-15 15:50:17'),
(125, 7, '10915224', '2018-11-15 15:50:17'),
(125, 8, '5747499', '2018-11-10 10:08:22'),
(126, 2, '7324670', '2018-11-12 09:39:42'),
(126, 3, '7324670', '2018-11-12 09:39:42'),
(126, 4, '7324670', '2018-11-12 09:39:42'),
(126, 5, '7324670', '2018-11-12 09:39:42'),
(126, 6, '8531276', '2018-11-16 11:12:14'),
(126, 7, '8531276', '2018-11-16 11:12:14'),
(126, 8, '7324670', '2018-11-12 09:39:42'),
(127, 2, '7288367', '2018-11-12 12:36:56'),
(127, 3, '7288367', '2018-11-12 12:36:56'),
(127, 4, '7288367', '2018-11-12 12:36:56'),
(127, 5, '7288367', '2018-11-12 12:36:56'),
(127, 8, '7288367', '2018-11-12 12:36:56'),
(128, 2, '8531276', '2018-11-12 09:28:48'),
(128, 3, '8531276', '2018-11-12 09:28:48'),
(128, 4, '8531276', '2018-11-12 09:28:48'),
(128, 5, '8531276', '2018-11-12 09:28:48'),
(128, 6, '7324670', '2018-11-15 16:51:02'),
(128, 7, '7324670', '2018-11-15 16:51:02'),
(128, 8, '8531276', '2018-11-12 09:28:48'),
(129, 2, '7288367', '2018-11-10 11:32:06'),
(129, 3, '7288367', '2018-11-10 11:32:06'),
(129, 4, '7288367', '2018-11-10 11:32:06'),
(129, 5, '7288367', '2018-11-10 11:32:06'),
(129, 6, '8531276', '2018-11-16 09:33:41'),
(129, 7, '8531276', '2018-11-16 09:33:41'),
(129, 8, '7288367', '2018-11-10 11:32:06'),
(130, 2, '7371107', '2018-11-10 11:31:57'),
(130, 3, '7371107', '2018-11-10 11:31:57'),
(130, 4, '7371107', '2018-11-10 11:31:57'),
(130, 5, '7371107', '2018-11-10 11:31:57'),
(130, 6, '7324670', '2018-11-15 17:26:52'),
(130, 7, '7324670', '2018-11-15 17:26:52'),
(130, 8, '7371107', '2018-11-10 11:31:57'),
(131, 2, '7324670', '2018-11-10 10:52:13'),
(131, 3, '7324670', '2018-11-10 10:52:13'),
(131, 4, '7324670', '2018-11-10 10:52:13'),
(131, 5, '7324670', '2018-11-10 10:52:13'),
(131, 6, '7289677', '2018-11-15 16:23:42'),
(131, 7, '7289677', '2018-11-15 16:23:42'),
(131, 8, '7324670', '2018-11-10 10:52:13'),
(132, 2, '7324670', '2018-11-12 12:05:04'),
(132, 3, '7324670', '2018-11-12 12:05:04'),
(132, 4, '7324670', '2018-11-12 12:05:04'),
(132, 5, '7324670', '2018-11-12 12:05:04'),
(132, 6, '7371107', '2018-11-16 10:55:58'),
(132, 7, '7371107', '2018-11-16 10:55:58'),
(132, 8, '7324670', '2018-11-12 12:05:04'),
(133, 2, '8531276', '2018-11-12 11:06:57'),
(133, 3, '8531276', '2018-11-12 11:06:57'),
(133, 4, '8531276', '2018-11-12 11:06:57'),
(133, 5, '8531276', '2018-11-12 11:06:57'),
(133, 6, '7392394', '2018-11-16 11:18:42'),
(133, 7, '7392394', '2018-11-16 11:18:42'),
(133, 8, '8531276', '2018-11-12 11:06:57'),
(135, 2, '7324670', '2018-11-13 09:54:44'),
(135, 3, '7324670', '2018-11-13 09:54:44'),
(135, 4, '7324670', '2018-11-13 09:54:44'),
(135, 5, '7288367', '2018-11-15 10:30:43'),
(135, 6, '8531276', '2018-11-15 17:38:25'),
(135, 7, '8531276', '2018-11-15 17:38:25'),
(135, 8, '7324670', '2018-11-13 09:54:44'),
(136, 2, '7324670', '2018-11-13 09:55:25'),
(136, 3, '7324670', '2018-11-13 09:55:25'),
(136, 4, '7324670', '2018-11-13 09:55:25'),
(136, 5, '7288367', '2018-11-15 10:32:29'),
(136, 6, '8531276', '2018-11-15 17:28:21'),
(136, 7, '8531276', '2018-11-15 17:28:21'),
(136, 8, '7324670', '2018-11-13 09:55:25'),
(137, 2, '7371107', '2018-11-10 11:22:06'),
(137, 3, '7371107', '2018-11-10 11:22:06'),
(137, 4, '7371107', '2018-11-10 11:22:06'),
(137, 5, '7371107', '2018-11-10 11:22:06'),
(137, 6, '7324670', '2018-11-15 15:22:49'),
(137, 7, '7324670', '2018-11-15 15:22:49'),
(137, 8, '7371107', '2018-11-10 11:22:06'),
(138, 2, '7422831', '2018-11-12 10:27:19'),
(138, 3, '7422831', '2018-11-12 10:27:19'),
(138, 4, '7422831', '2018-11-12 10:27:19'),
(138, 5, '7422831', '2018-11-12 10:27:20'),
(138, 6, '7422831', '2018-11-16 11:30:46'),
(138, 7, '7422831', '2018-11-16 11:30:46'),
(138, 8, '7422831', '2018-11-12 10:27:20'),
(139, 2, '7392394', '2018-11-10 10:55:30'),
(139, 3, '7392394', '2018-11-10 10:55:30'),
(139, 4, '7392394', '2018-11-10 10:55:30'),
(139, 5, '7392394', '2018-11-10 10:55:30'),
(139, 6, '7422831', '2018-11-16 10:56:37'),
(139, 7, '7422831', '2018-11-16 10:56:37'),
(139, 8, '7392394', '2018-11-10 10:55:30'),
(140, 2, '7288367', '2018-11-10 10:20:52'),
(140, 3, '7288367', '2018-11-10 10:20:52'),
(140, 4, '7288367', '2018-11-10 10:20:52'),
(140, 5, '7288367', '2018-11-10 10:20:52'),
(140, 6, '8531276', '2018-11-16 10:35:34'),
(140, 7, '8531276', '2018-11-16 10:35:34'),
(140, 8, '7288367', '2018-11-10 10:20:52'),
(141, 2, '5747499', '2018-11-10 12:09:13'),
(141, 3, '5747499', '2018-11-10 12:09:13'),
(141, 4, '5747499', '2018-11-10 12:09:13'),
(141, 5, '5747499', '2018-11-10 12:09:13'),
(141, 6, '7374887', '2018-11-16 10:18:39'),
(141, 7, '7374887', '2018-11-16 10:18:39'),
(141, 8, '5747499', '2018-11-10 12:09:13'),
(142, 2, '7392394', '2018-11-10 10:07:17'),
(142, 3, '7392394', '2018-11-10 10:07:17'),
(142, 4, '7392394', '2018-11-10 10:07:17'),
(142, 5, '7392394', '2018-11-10 10:07:17'),
(142, 6, '7422831', '2018-11-15 17:23:26'),
(142, 7, '7422831', '2018-11-15 17:23:26'),
(142, 8, '7392394', '2018-11-10 10:07:17'),
(143, 2, '8531276', '2018-11-12 15:23:22'),
(143, 3, '8531276', '2018-11-12 15:23:22'),
(143, 4, '8531276', '2018-11-12 15:23:22'),
(143, 5, '6717679', '2018-11-13 16:40:36'),
(143, 6, '7324670', '2018-11-15 16:03:34'),
(143, 7, '7324670', '2018-11-15 16:03:34'),
(143, 8, '8531276', '2018-11-12 15:23:22'),
(144, 2, '7324670', '2018-11-10 10:17:59'),
(144, 3, '7324670', '2018-11-10 10:17:59'),
(144, 4, '7324670', '2018-11-10 10:17:59'),
(144, 5, '7324670', '2018-11-10 10:17:59'),
(144, 6, '7371107', '2018-11-15 16:42:15'),
(144, 7, '7371107', '2018-11-15 16:42:15'),
(144, 8, '7324670', '2018-11-10 10:17:59'),
(145, 2, '8531276', '2018-11-10 11:06:29'),
(145, 3, '8531276', '2018-11-10 11:06:30'),
(145, 4, '8531276', '2018-11-10 11:06:30'),
(145, 5, '8531276', '2018-11-10 11:06:30'),
(145, 6, '8531276', '2018-11-16 09:12:41'),
(145, 7, '8531276', '2018-11-16 09:12:41'),
(145, 8, '8531276', '2018-11-10 11:06:30'),
(146, 2, '7324670', '2018-11-12 09:48:35'),
(146, 3, '7324670', '2018-11-12 09:48:35'),
(146, 4, '7324670', '2018-11-12 09:48:35'),
(146, 5, '7324670', '2018-11-12 09:48:35'),
(146, 8, '7324670', '2018-11-12 09:48:35'),
(147, 2, '6717679', '2018-11-13 16:55:34'),
(147, 3, '6717679', '2018-11-13 16:55:34'),
(147, 4, '6717679', '2018-11-13 16:55:34'),
(147, 5, '6717679', '2018-11-13 16:55:34'),
(147, 6, '7422831', '2018-11-15 17:14:42'),
(147, 7, '7422831', '2018-11-15 17:14:42'),
(147, 8, '6717679', '2018-11-13 16:55:34'),
(148, 2, '7324670', '2018-11-12 09:03:56'),
(148, 3, '7324670', '2018-11-12 09:03:56'),
(148, 4, '7324670', '2018-11-12 09:03:56'),
(148, 5, '7324670', '2018-11-12 09:03:56'),
(148, 6, '7368225', '2018-11-16 10:34:26'),
(148, 7, '7368225', '2018-11-16 10:34:26'),
(148, 8, '7324670', '2018-11-12 09:03:56'),
(149, 2, '7324670', '2018-11-12 15:03:03'),
(149, 3, '7324670', '2018-11-12 15:03:03'),
(149, 4, '7324670', '2018-11-12 15:03:03'),
(149, 5, '7371107', '2018-11-15 16:32:31'),
(149, 6, '7371107', '2018-11-15 16:32:31'),
(149, 7, '7371107', '2018-11-15 16:32:31'),
(149, 8, '7324670', '2018-11-12 15:03:03'),
(150, 2, '7422831', '2018-11-12 09:32:43'),
(150, 3, '7422831', '2018-11-12 09:32:43'),
(150, 4, '7422831', '2018-11-12 09:32:43'),
(150, 5, '7422831', '2018-11-12 09:32:43'),
(150, 6, '7371107', '2018-11-16 09:20:16'),
(150, 7, '7371107', '2018-11-16 09:20:16'),
(150, 8, '7422831', '2018-11-12 09:32:43'),
(151, 2, '8531276', '2018-11-12 08:19:38'),
(151, 3, '8531276', '2018-11-12 08:19:38'),
(151, 4, '8531276', '2018-11-12 08:19:38'),
(151, 5, '8531276', '2018-11-12 08:19:38'),
(151, 6, '7324670', '2018-11-15 15:17:38'),
(151, 7, '7324670', '2018-11-15 15:17:38'),
(151, 8, '8531276', '2018-11-12 08:19:38'),
(152, 2, '7324670', '2018-11-12 10:09:11'),
(152, 3, '7324670', '2018-11-12 10:09:11'),
(152, 4, '7324670', '2018-11-12 10:09:11'),
(152, 5, '7324670', '2018-11-12 10:09:11'),
(152, 6, '7371107', '2018-11-16 10:45:05'),
(152, 7, '7371107', '2018-11-16 10:45:05'),
(152, 8, '7324670', '2018-11-12 10:09:11'),
(153, 2, '7371107', '2018-11-10 10:15:39'),
(153, 3, '7371107', '2018-11-10 10:15:39'),
(153, 4, '7371107', '2018-11-10 10:15:39'),
(153, 5, '7371107', '2018-11-10 10:15:39'),
(153, 6, '7324670', '2018-11-15 16:17:49'),
(153, 7, '7324670', '2018-11-15 16:17:49'),
(153, 8, '7371107', '2018-11-10 10:15:39'),
(154, 2, '7392394', '2018-11-10 11:03:58'),
(154, 3, '7392394', '2018-11-10 11:03:58'),
(154, 4, '7392394', '2018-11-10 11:03:58'),
(154, 5, '7392394', '2018-11-10 11:03:58'),
(154, 6, '7422831', '2018-11-15 17:12:20'),
(154, 7, '7422831', '2018-11-15 17:12:20'),
(154, 8, '7392394', '2018-11-10 11:03:58'),
(155, 2, '7324670', '2018-11-13 09:23:54'),
(155, 3, '7324670', '2018-11-13 09:23:54'),
(155, 4, '7324670', '2018-11-13 09:23:54'),
(155, 8, '7324670', '2018-11-13 09:23:54'),
(157, 2, '8531276', '2018-11-12 09:51:51'),
(157, 3, '8531276', '2018-11-12 09:51:51'),
(157, 4, '8531276', '2018-11-12 09:51:51'),
(157, 5, '8531276', '2018-11-12 09:51:51'),
(157, 6, '7392394', '2018-11-16 09:26:43'),
(157, 7, '7392394', '2018-11-16 09:26:43'),
(157, 8, '8531276', '2018-11-12 09:51:51'),
(158, 2, '7371107', '2018-11-10 10:27:55'),
(158, 3, '7371107', '2018-11-10 10:27:55'),
(158, 4, '7371107', '2018-11-10 10:27:55'),
(158, 5, '7371107', '2018-11-10 10:27:55'),
(158, 6, '7392394', '2018-11-16 09:03:28'),
(158, 7, '7392394', '2018-11-16 09:03:28'),
(158, 8, '7371107', '2018-11-10 10:27:55'),
(159, 2, '7324670', '2018-11-10 11:41:14'),
(159, 3, '7324670', '2018-11-10 11:41:14'),
(159, 4, '7324670', '2018-11-10 11:41:14'),
(159, 5, '7324670', '2018-11-10 11:41:14'),
(159, 6, '7371107', '2018-11-16 11:16:17'),
(159, 7, '7371107', '2018-11-16 11:16:17'),
(159, 8, '7324670', '2018-11-10 11:41:14'),
(160, 2, '8531276', '2018-11-12 10:30:27'),
(160, 3, '8531276', '2018-11-12 10:30:27'),
(160, 4, '8531276', '2018-11-12 10:30:27'),
(160, 5, '8531276', '2018-11-12 10:30:27'),
(160, 6, '10915224', '2018-11-15 17:04:04'),
(160, 7, '10915224', '2018-11-15 17:04:04'),
(160, 8, '8531276', '2018-11-12 10:30:27'),
(161, 2, '7324670', '2018-11-14 10:18:25'),
(161, 3, '7324670', '2018-11-14 10:18:25'),
(161, 4, '7324670', '2018-11-14 10:18:25'),
(161, 5, '7324670', '2018-11-14 10:18:25'),
(161, 6, '7324670', '2018-11-15 16:21:34'),
(161, 7, '7324670', '2018-11-15 16:21:34'),
(161, 8, '7324670', '2018-11-14 10:18:25'),
(162, 2, '8531276', '2018-11-12 09:16:59'),
(162, 3, '8531276', '2018-11-12 09:16:59'),
(162, 4, '8531276', '2018-11-12 09:16:59'),
(162, 5, '8531276', '2018-11-12 09:16:59'),
(162, 6, '7324670', '2018-11-15 15:42:11'),
(162, 7, '7324670', '2018-11-15 15:42:11'),
(162, 8, '8531276', '2018-11-12 09:16:59'),
(163, 2, '7371107', '2018-11-10 10:25:36'),
(163, 3, '7371107', '2018-11-10 10:25:36'),
(163, 4, '7371107', '2018-11-10 10:25:36'),
(163, 5, '7371107', '2018-11-10 10:25:36'),
(163, 8, '7371107', '2018-11-10 10:25:36'),
(164, 2, '7422831', '2018-11-12 10:19:07'),
(164, 3, '7422831', '2018-11-12 10:19:07'),
(164, 4, '7422831', '2018-11-12 10:19:07'),
(164, 5, '7422831', '2018-11-12 10:19:07'),
(164, 8, '7422831', '2018-11-12 10:19:07'),
(165, 2, '7324670', '2018-11-12 09:04:57'),
(165, 3, '7324670', '2018-11-12 09:04:57'),
(165, 4, '7324670', '2018-11-12 09:04:57'),
(165, 5, '7324670', '2018-11-12 09:04:57'),
(165, 6, '7422831', '2018-11-16 10:59:15'),
(165, 7, '7422831', '2018-11-16 10:59:15'),
(165, 8, '7324670', '2018-11-12 09:04:57'),
(166, 2, '7324670', '2018-11-10 11:30:21'),
(166, 3, '7324670', '2018-11-10 11:30:21'),
(166, 4, '7324670', '2018-11-10 11:30:21'),
(166, 5, '7324670', '2018-11-10 11:30:21'),
(166, 6, '7289677', '2018-11-15 16:04:08'),
(166, 7, '7289677', '2018-11-15 16:04:08'),
(166, 8, '7324670', '2018-11-10 11:30:21'),
(167, 2, '7324670', '2018-11-12 11:04:23'),
(167, 3, '7324670', '2018-11-12 11:04:23'),
(167, 4, '7324670', '2018-11-12 11:04:23'),
(167, 5, '7324670', '2018-11-12 11:04:23'),
(167, 6, '7368225', '2018-11-16 12:09:10'),
(167, 7, '7368225', '2018-11-16 12:09:10'),
(167, 8, '7324670', '2018-11-12 11:04:23'),
(168, 2, '7324670', '2018-11-12 09:47:39'),
(168, 3, '7324670', '2018-11-12 09:47:39'),
(168, 4, '7324670', '2018-11-12 09:47:39'),
(168, 5, '7324670', '2018-11-12 09:47:39'),
(168, 8, '7324670', '2018-11-12 09:47:39'),
(169, 2, '7324670', '2018-11-12 11:29:08'),
(169, 3, '7324670', '2018-11-12 11:29:08'),
(169, 4, '7324670', '2018-11-12 11:29:08'),
(169, 5, '7324670', '2018-11-12 11:29:08'),
(169, 8, '7324670', '2018-11-12 11:29:08'),
(170, 2, '8531276', '2018-11-12 14:52:43'),
(170, 3, '8531276', '2018-11-12 14:52:43'),
(170, 4, '8531276', '2018-11-12 14:52:43'),
(170, 5, '7324670', '2018-11-15 16:22:51'),
(170, 6, '7324670', '2018-11-15 16:22:40'),
(170, 7, '7324670', '2018-11-15 16:22:41'),
(170, 8, '8531276', '2018-11-12 14:52:43'),
(171, 2, '7422831', '2018-11-12 09:07:56'),
(171, 3, '7422831', '2018-11-12 09:07:56'),
(171, 4, '7422831', '2018-11-12 09:07:56'),
(171, 5, '7422831', '2018-11-12 09:07:56'),
(171, 8, '7422831', '2018-11-12 09:07:56'),
(173, 2, '7288367', '2018-11-15 11:26:13'),
(173, 3, '7288367', '2018-11-15 11:26:14'),
(173, 4, '7288367', '2018-11-15 11:26:14'),
(173, 5, '7288367', '2018-11-15 11:26:14'),
(173, 8, '7288367', '2018-11-15 11:26:14'),
(174, 2, '7324670', '2018-11-10 10:12:23'),
(174, 3, '7324670', '2018-11-10 10:12:23'),
(174, 4, '7324670', '2018-11-10 10:12:23'),
(174, 5, '7324670', '2018-11-10 10:12:23'),
(174, 8, '7324670', '2018-11-10 10:12:23'),
(175, 2, '7324670', '2018-11-10 11:11:32'),
(175, 3, '7324670', '2018-11-10 11:11:32'),
(175, 4, '7324670', '2018-11-10 11:11:32'),
(175, 5, '7324670', '2018-11-10 11:11:32'),
(175, 8, '7324670', '2018-11-10 11:11:32'),
(176, 2, '8531276', '2018-11-12 14:32:33'),
(176, 3, '8531276', '2018-11-12 14:32:33'),
(176, 4, '8531276', '2018-11-12 14:32:33'),
(176, 5, '8531276', '2018-11-14 10:16:12'),
(176, 6, '7374887', '2018-11-16 11:53:48'),
(176, 7, '7374887', '2018-11-16 11:53:48'),
(176, 8, '8531276', '2018-11-12 14:32:33'),
(177, 2, '7422831', '2018-11-12 10:09:51'),
(177, 3, '7422831', '2018-11-12 10:09:51'),
(177, 4, '7422831', '2018-11-12 10:09:51'),
(177, 5, '7422831', '2018-11-12 10:09:51'),
(177, 8, '7422831', '2018-11-12 10:09:51'),
(178, 2, '7392394', '2018-11-10 12:23:07'),
(178, 3, '7392394', '2018-11-10 12:23:07'),
(178, 4, '7392394', '2018-11-10 12:23:07'),
(178, 5, '7392394', '2018-11-10 12:23:07'),
(178, 8, '7392394', '2018-11-10 12:23:07'),
(179, 2, '7288367', '2018-11-10 11:30:32'),
(179, 3, '7288367', '2018-11-10 11:30:32'),
(179, 4, '7288367', '2018-11-10 11:30:32'),
(179, 5, '7288367', '2018-11-10 11:30:32'),
(179, 6, '8531276', '2018-11-15 16:11:06'),
(179, 7, '8531276', '2018-11-15 16:11:06'),
(179, 8, '7288367', '2018-11-10 11:30:32'),
(180, 2, '7422831', '2018-11-12 09:34:25'),
(180, 3, '7422831', '2018-11-12 09:34:25'),
(180, 4, '7422831', '2018-11-12 09:34:25'),
(180, 5, '7422831', '2018-11-12 09:34:25'),
(180, 6, '7422831', '2018-11-16 11:06:45'),
(180, 7, '7422831', '2018-11-16 11:06:45'),
(180, 8, '7422831', '2018-11-12 09:34:25'),
(181, 2, '7324670', '2018-11-10 11:37:29'),
(181, 3, '7324670', '2018-11-10 11:37:29'),
(181, 4, '7324670', '2018-11-10 11:37:29'),
(181, 5, '7324670', '2018-11-10 11:37:29'),
(181, 8, '7324670', '2018-11-10 11:37:29'),
(182, 2, '8531276', '2018-11-14 11:17:57'),
(182, 3, '8531276', '2018-11-14 11:17:57'),
(182, 4, '8531276', '2018-11-14 11:17:57'),
(182, 5, '8531276', '2018-11-14 11:17:57'),
(182, 8, '8531276', '2018-11-14 11:17:57'),
(183, 2, '7324670', '2018-11-12 10:19:49'),
(183, 3, '7324670', '2018-11-12 10:19:49'),
(183, 4, '7324670', '2018-11-12 10:19:49'),
(183, 5, '7324670', '2018-11-12 10:19:49'),
(183, 6, '8531276', '2018-11-15 17:36:16'),
(183, 7, '8531276', '2018-11-15 17:36:17'),
(183, 8, '7324670', '2018-11-12 10:19:49'),
(184, 2, '7324670', '2018-11-12 11:06:19'),
(184, 3, '7324670', '2018-11-12 11:06:19'),
(184, 4, '7324670', '2018-11-12 11:06:19'),
(184, 5, '7324670', '2018-11-12 11:06:19'),
(184, 6, '7371107', '2018-11-16 11:48:00'),
(184, 7, '7371107', '2018-11-16 11:48:00'),
(184, 8, '7324670', '2018-11-12 11:06:19'),
(185, 2, '7324670', '2018-11-14 11:58:15'),
(185, 3, '7324670', '2018-11-14 11:58:15'),
(185, 4, '7324670', '2018-11-14 11:58:15'),
(185, 5, '7324670', '2018-11-14 11:58:15'),
(185, 8, '7324670', '2018-11-14 11:58:15'),
(186, 2, '7324670', '2018-11-10 10:15:40'),
(186, 3, '7324670', '2018-11-10 10:15:40'),
(186, 4, '7324670', '2018-11-10 10:15:40'),
(186, 5, '7324670', '2018-11-10 10:15:40'),
(186, 6, '7371107', '2018-11-16 10:35:28'),
(186, 7, '7371107', '2018-11-16 10:35:28'),
(186, 8, '7324670', '2018-11-10 10:15:40'),
(187, 2, '7288367', '2018-11-10 12:13:16'),
(187, 3, '7288367', '2018-11-10 12:13:16'),
(187, 4, '7288367', '2018-11-10 12:13:16'),
(187, 5, '7288367', '2018-11-10 12:13:16'),
(187, 8, '7288367', '2018-11-10 12:13:16'),
(188, 2, '7324670', '2018-11-13 10:50:12'),
(188, 3, '7324670', '2018-11-13 10:50:12'),
(188, 4, '7324670', '2018-11-13 10:50:12'),
(188, 8, '7324670', '2018-11-13 10:50:12'),
(189, 2, '7324670', '2018-11-14 10:16:26'),
(189, 3, '7324670', '2018-11-14 10:16:26'),
(189, 4, '7324670', '2018-11-14 10:16:26'),
(189, 5, '7324670', '2018-11-14 10:16:26'),
(189, 8, '7324670', '2018-11-14 10:16:26'),
(190, 2, '5747499', '2018-11-10 11:13:23'),
(190, 3, '5747499', '2018-11-10 11:13:23'),
(190, 4, '5747499', '2018-11-10 11:13:23'),
(190, 5, '5747499', '2018-11-10 11:13:23'),
(190, 6, '10915224', '2018-11-15 15:58:10'),
(190, 7, '10915224', '2018-11-15 15:58:10'),
(190, 8, '5747499', '2018-11-10 11:13:23'),
(191, 2, '7371107', '2018-11-12 12:38:50'),
(191, 3, '7371107', '2018-11-12 12:38:50'),
(191, 4, '7371107', '2018-11-12 12:38:50'),
(191, 5, '7371107', '2018-11-12 12:38:50'),
(191, 8, '7371107', '2018-11-12 12:38:50'),
(192, 2, '5747499', '2018-11-10 10:16:59'),
(192, 3, '5747499', '2018-11-10 10:16:59'),
(192, 4, '5747499', '2018-11-10 10:16:59'),
(192, 5, '5747499', '2018-11-10 10:16:59'),
(192, 6, '10915224', '2018-11-15 16:32:10'),
(192, 7, '10915224', '2018-11-15 16:32:10'),
(192, 8, '5747499', '2018-11-10 10:16:59'),
(193, 2, '7324670', '2018-11-12 09:13:51'),
(193, 3, '7324670', '2018-11-12 09:13:51'),
(193, 4, '7324670', '2018-11-12 09:13:51'),
(193, 5, '7324670', '2018-11-12 09:13:51'),
(193, 6, '7289677', '2018-11-15 16:41:22');
INSERT INTO `materialinscripcion` (`idinscripcion`, `idmaterial`, `ci`, `fecha`) VALUES
(193, 7, '7289677', '2018-11-15 16:41:23'),
(193, 8, '7324670', '2018-11-12 09:13:51'),
(194, 2, '7371107', '2018-11-10 10:47:15'),
(194, 3, '7371107', '2018-11-10 10:47:15'),
(194, 4, '7371107', '2018-11-10 10:47:15'),
(194, 5, '7371107', '2018-11-10 10:47:15'),
(194, 8, '7371107', '2018-11-10 10:47:15'),
(195, 2, '7422831', '2018-11-12 09:48:46'),
(195, 3, '7422831', '2018-11-12 09:48:46'),
(195, 4, '7422831', '2018-11-12 09:48:46'),
(195, 5, '7422831', '2018-11-12 09:48:47'),
(195, 6, '7422831', '2018-11-16 11:18:14'),
(195, 7, '7422831', '2018-11-16 11:18:14'),
(195, 8, '7422831', '2018-11-12 09:48:47'),
(196, 2, '7324670', '2018-11-10 12:08:52'),
(196, 3, '7324670', '2018-11-10 12:08:53'),
(196, 4, '7324670', '2018-11-10 12:08:53'),
(196, 5, '7324670', '2018-11-10 12:08:53'),
(196, 6, '7371107', '2018-11-16 10:29:14'),
(196, 7, '7371107', '2018-11-16 10:29:14'),
(196, 8, '7324670', '2018-11-10 12:08:53'),
(197, 2, '7324670', '2018-11-12 09:10:49'),
(197, 3, '7324670', '2018-11-12 09:10:49'),
(197, 4, '7324670', '2018-11-12 09:10:49'),
(197, 5, '7324670', '2018-11-12 09:10:49'),
(197, 8, '7324670', '2018-11-12 09:10:49'),
(198, 2, '7324670', '2018-11-10 10:08:48'),
(198, 3, '7324670', '2018-11-10 10:08:48'),
(198, 4, '7324670', '2018-11-10 10:08:48'),
(198, 5, '7324670', '2018-11-10 10:08:48'),
(198, 8, '7324670', '2018-11-10 10:08:48'),
(199, 2, '7324670', '2018-11-10 11:49:08'),
(199, 3, '7324670', '2018-11-10 11:49:08'),
(199, 4, '7324670', '2018-11-10 11:49:08'),
(199, 5, '7324670', '2018-11-10 11:49:09'),
(199, 6, '7289677', '2018-11-15 16:53:40'),
(199, 7, '7289677', '2018-11-15 16:53:40'),
(199, 8, '7324670', '2018-11-10 11:49:09'),
(200, 2, '7288367', '2018-11-10 10:07:08'),
(200, 3, '7288367', '2018-11-10 10:07:08'),
(200, 4, '7288367', '2018-11-10 10:07:08'),
(200, 5, '7288367', '2018-11-10 10:07:08'),
(200, 6, '8531276', '2018-11-15 16:35:27'),
(200, 7, '8531276', '2018-11-15 16:35:27'),
(200, 8, '7288367', '2018-11-10 10:07:08'),
(201, 2, '7288367', '2018-11-10 11:45:52'),
(201, 3, '7288367', '2018-11-10 11:45:52'),
(201, 4, '7288367', '2018-11-10 11:45:52'),
(201, 5, '7288367', '2018-11-10 11:45:52'),
(201, 6, '8531276', '2018-11-15 16:03:56'),
(201, 7, '8531276', '2018-11-15 16:03:56'),
(201, 8, '7288367', '2018-11-10 11:45:52'),
(202, 2, '8531276', '2018-11-12 09:04:28'),
(202, 3, '8531276', '2018-11-12 09:04:28'),
(202, 4, '8531276', '2018-11-12 09:04:28'),
(202, 5, '8531276', '2018-11-12 09:04:28'),
(202, 6, '7392394', '2018-11-16 10:36:12'),
(202, 7, '7392394', '2018-11-16 10:36:13'),
(202, 8, '8531276', '2018-11-12 09:04:28'),
(203, 2, '8531276', '2018-11-12 09:02:00'),
(203, 3, '8531276', '2018-11-12 09:02:00'),
(203, 4, '8531276', '2018-11-12 09:02:00'),
(203, 5, '8531276', '2018-11-12 09:02:00'),
(203, 6, '7324670', '2018-11-15 15:55:10'),
(203, 7, '7324670', '2018-11-15 15:55:10'),
(203, 8, '8531276', '2018-11-12 09:02:00'),
(204, 2, '7324670', '2018-11-12 16:21:03'),
(204, 3, '7324670', '2018-11-12 16:21:03'),
(204, 4, '7324670', '2018-11-12 16:21:03'),
(204, 5, '7324670', '2018-11-14 16:06:43'),
(204, 8, '7324670', '2018-11-12 16:21:03'),
(205, 2, '7422831', '2018-11-12 09:10:24'),
(205, 3, '7422831', '2018-11-12 09:10:24'),
(205, 4, '7422831', '2018-11-12 09:10:24'),
(205, 5, '7422831', '2018-11-12 09:10:24'),
(205, 8, '7422831', '2018-11-12 09:10:24'),
(206, 2, '8531276', '2018-11-12 14:38:09'),
(206, 3, '8531276', '2018-11-12 14:38:09'),
(206, 4, '8531276', '2018-11-12 14:38:09'),
(206, 5, '7324670', '2018-11-14 15:15:30'),
(206, 6, '7324670', '2018-11-15 17:16:20'),
(206, 7, '7324670', '2018-11-15 17:16:20'),
(206, 8, '8531276', '2018-11-12 14:38:09'),
(207, 2, '7324670', '2018-11-12 09:10:01'),
(207, 3, '7324670', '2018-11-12 09:10:01'),
(207, 4, '7324670', '2018-11-12 09:10:01'),
(207, 5, '7324670', '2018-11-12 09:10:01'),
(207, 6, '7371107', '2018-11-16 10:32:28'),
(207, 7, '7371107', '2018-11-16 10:32:28'),
(207, 8, '7324670', '2018-11-12 09:10:01'),
(208, 2, '7324670', '2018-11-12 08:19:57'),
(208, 3, '7324670', '2018-11-12 08:19:57'),
(208, 4, '7324670', '2018-11-12 08:19:57'),
(208, 5, '7324670', '2018-11-12 08:19:57'),
(208, 8, '7324670', '2018-11-12 08:19:57'),
(209, 2, '8531276', '2018-11-12 09:10:03'),
(209, 3, '8531276', '2018-11-12 09:10:03'),
(209, 4, '8531276', '2018-11-12 09:10:03'),
(209, 5, '8531276', '2018-11-12 09:10:03'),
(209, 6, '7374887', '2018-11-16 09:37:43'),
(209, 7, '7374887', '2018-11-16 09:37:43'),
(209, 8, '8531276', '2018-11-12 09:10:03'),
(210, 2, '7324670', '2018-11-12 09:24:27'),
(210, 3, '7324670', '2018-11-12 09:24:27'),
(210, 4, '7324670', '2018-11-12 09:24:27'),
(210, 5, '7324670', '2018-11-12 09:24:27'),
(210, 6, '7289677', '2018-11-15 15:36:57'),
(210, 7, '7289677', '2018-11-15 15:36:57'),
(210, 8, '7324670', '2018-11-12 09:24:27'),
(211, 2, '7324670', '2018-11-10 11:47:13'),
(211, 3, '7324670', '2018-11-10 11:47:13'),
(211, 4, '7324670', '2018-11-10 11:47:13'),
(211, 5, '7324670', '2018-11-10 11:47:13'),
(211, 6, '7289677', '2018-11-15 16:02:12'),
(211, 7, '7289677', '2018-11-15 16:02:12'),
(211, 8, '7324670', '2018-11-10 11:47:13'),
(212, 2, '8531276', '2018-11-12 11:43:48'),
(212, 3, '8531276', '2018-11-12 11:43:48'),
(212, 4, '8531276', '2018-11-12 11:43:48'),
(212, 5, '8531276', '2018-11-12 11:43:48'),
(212, 6, '7392394', '2018-11-16 10:45:13'),
(212, 7, '7392394', '2018-11-16 10:45:13'),
(212, 8, '8531276', '2018-11-12 11:43:48'),
(213, 2, '7288367', '2018-11-10 10:37:08'),
(213, 3, '7288367', '2018-11-10 10:37:08'),
(213, 4, '7288367', '2018-11-10 10:37:08'),
(213, 5, '7288367', '2018-11-10 10:37:08'),
(213, 8, '7288367', '2018-11-10 10:37:08'),
(214, 2, '8531276', '2018-11-10 11:58:33'),
(214, 3, '8531276', '2018-11-10 11:58:33'),
(214, 4, '8531276', '2018-11-10 11:58:33'),
(214, 5, '8531276', '2018-11-10 11:58:33'),
(214, 6, '8531276', '2018-11-16 10:15:53'),
(214, 7, '8531276', '2018-11-16 10:15:53'),
(214, 8, '8531276', '2018-11-10 11:58:33'),
(215, 2, '8531276', '2018-11-12 10:04:10'),
(215, 3, '8531276', '2018-11-12 10:04:10'),
(215, 4, '8531276', '2018-11-12 10:04:10'),
(215, 5, '8531276', '2018-11-12 10:04:10'),
(215, 6, '7324670', '2018-11-15 16:07:41'),
(215, 7, '7324670', '2018-11-15 16:07:41'),
(215, 8, '8531276', '2018-11-12 10:04:10'),
(216, 2, '7422831', '2018-11-12 09:01:46'),
(216, 3, '7422831', '2018-11-12 09:01:46'),
(216, 4, '7422831', '2018-11-12 09:01:46'),
(216, 5, '7422831', '2018-11-12 09:01:46'),
(216, 6, '7371107', '2018-11-15 16:40:56'),
(216, 7, '7371107', '2018-11-15 16:40:56'),
(216, 8, '7422831', '2018-11-12 09:01:46'),
(217, 2, '7324670', '2018-11-12 09:23:13'),
(217, 3, '7324670', '2018-11-12 09:23:13'),
(217, 4, '7324670', '2018-11-12 09:23:13'),
(217, 5, '7324670', '2018-11-12 09:23:13'),
(217, 6, '8531276', '2018-11-16 09:53:50'),
(217, 7, '8531276', '2018-11-16 09:53:50'),
(217, 8, '7324670', '2018-11-12 09:23:13'),
(218, 2, '7324670', '2018-11-12 09:07:53'),
(218, 3, '7324670', '2018-11-12 09:07:53'),
(218, 4, '7324670', '2018-11-12 09:07:53'),
(218, 5, '7324670', '2018-11-12 09:07:53'),
(218, 6, '7289677', '2018-11-15 15:40:28'),
(218, 7, '7289677', '2018-11-15 15:40:28'),
(218, 8, '7324670', '2018-11-12 09:07:53'),
(219, 2, '7324670', '2018-11-12 11:36:39'),
(219, 3, '7324670', '2018-11-12 11:36:39'),
(219, 4, '7324670', '2018-11-12 11:36:39'),
(219, 5, '7324670', '2018-11-12 11:36:39'),
(219, 6, '8531276', '2018-11-16 11:53:39'),
(219, 7, '8531276', '2018-11-16 11:53:39'),
(219, 8, '7324670', '2018-11-12 11:36:39'),
(220, 2, '7324670', '2018-11-12 09:09:01'),
(220, 3, '7324670', '2018-11-12 09:09:01'),
(220, 4, '7324670', '2018-11-12 09:09:01'),
(220, 5, '7324670', '2018-11-12 09:09:01'),
(220, 6, '8531276', '2018-11-16 09:18:29'),
(220, 7, '8531276', '2018-11-16 09:18:29'),
(220, 8, '7324670', '2018-11-12 09:09:01'),
(221, 2, '7324670', '2018-11-12 15:53:48'),
(221, 3, '7324670', '2018-11-12 15:53:49'),
(221, 4, '7324670', '2018-11-12 15:53:49'),
(221, 5, '7368225', '2018-11-16 10:56:22'),
(221, 6, '7368225', '2018-11-16 10:56:22'),
(221, 7, '7368225', '2018-11-16 10:56:22'),
(221, 8, '7324670', '2018-11-12 15:53:49'),
(222, 2, '8531276', '2018-11-12 09:14:05'),
(222, 3, '8531276', '2018-11-12 09:14:05'),
(222, 4, '8531276', '2018-11-12 09:14:05'),
(222, 5, '8531276', '2018-11-12 09:14:05'),
(222, 6, '7392394', '2018-11-16 11:22:42'),
(222, 7, '7392394', '2018-11-16 11:22:42'),
(222, 8, '8531276', '2018-11-12 09:14:05'),
(223, 2, '8531276', '2018-11-12 11:49:41'),
(223, 3, '8531276', '2018-11-12 11:49:41'),
(223, 4, '8531276', '2018-11-12 11:49:41'),
(223, 5, '8531276', '2018-11-12 11:49:41'),
(223, 6, '7392394', '2018-11-16 10:43:35'),
(223, 7, '7392394', '2018-11-16 10:43:35'),
(223, 8, '8531276', '2018-11-12 11:49:41'),
(224, 2, '7288367', '2018-11-15 11:20:49'),
(224, 3, '7288367', '2018-11-15 11:20:49'),
(224, 4, '7288367', '2018-11-15 11:20:49'),
(224, 5, '7288367', '2018-11-15 11:20:49'),
(224, 8, '7288367', '2018-11-15 11:20:49'),
(225, 2, '7324670', '2018-11-10 10:55:27'),
(225, 3, '7324670', '2018-11-10 10:55:27'),
(225, 4, '7324670', '2018-11-10 10:55:27'),
(225, 5, '7324670', '2018-11-10 10:55:27'),
(225, 6, '7289677', '2018-11-15 17:52:54'),
(225, 7, '7289677', '2018-11-15 17:52:54'),
(225, 8, '7324670', '2018-11-10 10:55:27'),
(226, 2, '5747499', '2018-11-10 11:27:22'),
(226, 3, '5747499', '2018-11-10 11:27:22'),
(226, 4, '5747499', '2018-11-10 11:27:22'),
(226, 5, '5747499', '2018-11-12 10:22:52'),
(226, 8, '5747499', '2018-11-10 11:27:22'),
(227, 2, '8531276', '2018-11-12 16:57:59'),
(227, 3, '8531276', '2018-11-12 16:57:59'),
(227, 4, '8531276', '2018-11-12 16:57:59'),
(227, 5, '7422831', '2018-11-15 16:47:39'),
(227, 6, '7422831', '2018-11-15 16:45:38'),
(227, 7, '7422831', '2018-11-15 16:45:38'),
(227, 8, '8531276', '2018-11-12 16:57:59'),
(228, 2, '7392394', '2018-11-10 10:57:32'),
(228, 3, '7392394', '2018-11-10 10:57:32'),
(228, 4, '7392394', '2018-11-10 10:57:32'),
(228, 5, '7392394', '2018-11-10 10:57:33'),
(228, 6, '7371107', '2018-11-16 12:21:46'),
(228, 7, '7371107', '2018-11-16 12:21:46'),
(228, 8, '7392394', '2018-11-10 10:57:33'),
(229, 2, '7324670', '2018-11-12 12:00:11'),
(229, 3, '7324670', '2018-11-12 12:00:11'),
(229, 4, '7324670', '2018-11-12 12:00:11'),
(229, 5, '7324670', '2018-11-12 12:00:11'),
(229, 8, '7324670', '2018-11-12 12:00:11'),
(230, 2, '7324670', '2018-11-12 09:16:48'),
(230, 3, '7324670', '2018-11-12 09:16:48'),
(230, 4, '7324670', '2018-11-12 09:16:48'),
(230, 5, '7324670', '2018-11-12 09:16:48'),
(230, 6, '8531276', '2018-11-15 15:52:28'),
(230, 7, '8531276', '2018-11-15 15:52:28'),
(230, 8, '7324670', '2018-11-12 09:16:48'),
(231, 2, '7324670', '2018-11-12 11:07:19'),
(231, 3, '7324670', '2018-11-12 11:07:19'),
(231, 4, '7324670', '2018-11-12 11:07:19'),
(231, 5, '7324670', '2018-11-12 11:07:19'),
(231, 6, '7371107', '2018-11-16 11:32:44'),
(231, 7, '7371107', '2018-11-16 11:32:45'),
(231, 8, '7324670', '2018-11-12 11:07:19'),
(232, 2, '7422831', '2018-11-12 09:38:41'),
(232, 3, '7422831', '2018-11-12 09:38:41'),
(232, 4, '7422831', '2018-11-12 09:38:41'),
(232, 5, '7422831', '2018-11-12 09:38:41'),
(232, 6, '7371107', '2018-11-16 11:24:38'),
(232, 7, '7371107', '2018-11-16 11:24:38'),
(232, 8, '7422831', '2018-11-12 09:38:41'),
(233, 2, '7324670', '2018-11-13 10:19:54'),
(233, 3, '7324670', '2018-11-13 10:19:54'),
(233, 4, '7324670', '2018-11-13 10:19:54'),
(233, 5, '7324670', '2018-11-14 11:04:10'),
(233, 8, '7324670', '2018-11-13 10:19:54'),
(234, 2, '7288367', '2018-11-10 12:12:05'),
(234, 3, '7288367', '2018-11-10 12:12:05'),
(234, 4, '7288367', '2018-11-10 12:12:05'),
(234, 5, '7288367', '2018-11-10 12:12:05'),
(234, 8, '7288367', '2018-11-10 12:12:05'),
(235, 2, '7288367', '2018-11-10 10:08:18'),
(235, 3, '7288367', '2018-11-10 10:08:18'),
(235, 4, '7288367', '2018-11-10 10:08:18'),
(235, 5, '7288367', '2018-11-10 10:08:18'),
(235, 6, '8531276', '2018-11-15 16:01:32'),
(235, 7, '8531276', '2018-11-15 16:01:32'),
(235, 8, '7288367', '2018-11-10 10:08:18'),
(236, 2, '7324670', '2018-11-13 10:44:52'),
(236, 3, '7324670', '2018-11-13 10:44:52'),
(236, 4, '7324670', '2018-11-13 10:44:52'),
(236, 5, '10915224', '2018-11-15 16:02:43'),
(236, 6, '10915224', '2018-11-15 16:02:43'),
(236, 7, '10915224', '2018-11-15 16:02:43'),
(236, 8, '7324670', '2018-11-13 10:44:52'),
(237, 2, '7392394', '2018-11-10 10:53:44'),
(237, 3, '7392394', '2018-11-10 10:53:44'),
(237, 4, '7392394', '2018-11-10 10:53:44'),
(237, 5, '7392394', '2018-11-10 10:53:44'),
(237, 6, '8531276', '2018-11-15 16:30:00'),
(237, 7, '8531276', '2018-11-15 16:30:00'),
(237, 8, '7392394', '2018-11-10 10:53:44'),
(238, 2, '7324670', '2018-11-14 10:13:59'),
(238, 3, '7324670', '2018-11-14 10:13:59'),
(238, 4, '7324670', '2018-11-14 10:13:59'),
(238, 5, '7324670', '2018-11-14 10:13:59'),
(238, 6, '7368225', '2018-11-16 10:57:36'),
(238, 7, '7368225', '2018-11-16 10:57:36'),
(238, 8, '7324670', '2018-11-14 10:13:59'),
(239, 2, '7324670', '2018-11-12 09:51:18'),
(239, 3, '7324670', '2018-11-12 09:51:18'),
(239, 4, '7324670', '2018-11-12 09:51:18'),
(239, 5, '7324670', '2018-11-12 09:51:18'),
(239, 6, '8531276', '2018-11-16 10:39:26'),
(239, 7, '8531276', '2018-11-16 10:39:26'),
(239, 8, '7324670', '2018-11-12 09:51:18'),
(240, 2, '6717679', '2018-11-13 16:09:30'),
(240, 3, '6717679', '2018-11-13 16:09:30'),
(240, 4, '6717679', '2018-11-13 16:09:30'),
(240, 5, '10915224', '2018-11-15 11:23:32'),
(240, 8, '6717679', '2018-11-13 16:09:30'),
(241, 2, '7324670', '2018-11-12 11:30:15'),
(241, 3, '7324670', '2018-11-12 11:30:15'),
(241, 4, '7324670', '2018-11-12 11:30:15'),
(241, 5, '7324670', '2018-11-12 11:30:15'),
(241, 8, '7324670', '2018-11-12 11:30:15'),
(242, 2, '7324670', '2018-11-12 09:18:55'),
(242, 3, '7324670', '2018-11-12 09:18:55'),
(242, 4, '7324670', '2018-11-12 09:18:55'),
(242, 5, '7324670', '2018-11-12 09:18:55'),
(242, 6, '7371107', '2018-11-16 09:53:22'),
(242, 7, '7371107', '2018-11-16 09:53:22'),
(242, 8, '7324670', '2018-11-12 09:18:55'),
(243, 2, '7324670', '2018-11-14 10:08:09'),
(243, 3, '7324670', '2018-11-14 10:08:09'),
(243, 4, '7324670', '2018-11-14 10:08:09'),
(243, 5, '7324670', '2018-11-14 10:08:09'),
(243, 6, '10915224', '2018-11-15 16:33:55'),
(243, 7, '10915224', '2018-11-15 16:33:55'),
(243, 8, '7324670', '2018-11-14 10:08:09'),
(245, 2, '8531276', '2018-11-10 11:29:11'),
(245, 3, '8531276', '2018-11-10 11:29:11'),
(245, 4, '8531276', '2018-11-10 11:29:11'),
(245, 5, '8531276', '2018-11-10 11:29:11'),
(245, 6, '7368225', '2018-11-16 11:52:09'),
(245, 7, '7368225', '2018-11-16 11:52:09'),
(245, 8, '8531276', '2018-11-10 11:29:11'),
(246, 2, '8531276', '2018-11-10 10:11:42'),
(246, 3, '8531276', '2018-11-10 10:11:42'),
(246, 4, '8531276', '2018-11-10 10:11:42'),
(246, 5, '8531276', '2018-11-10 10:11:42'),
(246, 6, '7368225', '2018-11-16 09:18:33'),
(246, 7, '7368225', '2018-11-16 09:18:33'),
(246, 8, '8531276', '2018-11-10 10:11:42'),
(247, 2, '8531276', '2018-11-10 10:57:48'),
(247, 3, '8531276', '2018-11-10 10:57:48'),
(247, 4, '8531276', '2018-11-10 10:57:48'),
(247, 5, '8531276', '2018-11-10 10:57:48'),
(247, 6, '8531276', '2018-11-16 09:26:53'),
(247, 7, '8531276', '2018-11-16 09:26:53'),
(247, 8, '8531276', '2018-11-10 10:57:48'),
(248, 2, '8531276', '2018-11-10 11:01:07'),
(248, 3, '8531276', '2018-11-10 11:01:07'),
(248, 4, '8531276', '2018-11-10 11:01:07'),
(248, 5, '8531276', '2018-11-10 11:01:07'),
(248, 6, '8531276', '2018-11-15 16:57:25'),
(248, 7, '8531276', '2018-11-15 16:57:25'),
(248, 8, '8531276', '2018-11-10 11:01:07'),
(249, 2, '8531276', '2018-11-12 11:02:32'),
(249, 3, '8531276', '2018-11-12 11:02:32'),
(249, 4, '8531276', '2018-11-12 11:02:32'),
(249, 5, '8531276', '2018-11-12 11:02:32'),
(249, 8, '8531276', '2018-11-12 11:02:32'),
(250, 2, '7392394', '2018-11-10 12:15:50'),
(250, 3, '7392394', '2018-11-10 12:15:50'),
(250, 4, '7392394', '2018-11-10 12:15:50'),
(250, 5, '7392394', '2018-11-10 12:15:50'),
(250, 8, '7392394', '2018-11-10 12:15:50'),
(251, 2, '8531276', '2018-11-12 15:18:51'),
(251, 3, '8531276', '2018-11-12 15:18:51'),
(251, 4, '8531276', '2018-11-12 15:18:51'),
(251, 5, '7281458', '2018-11-14 17:07:10'),
(251, 6, '7324670', '2018-11-15 16:10:12'),
(251, 7, '7324670', '2018-11-15 16:10:12'),
(251, 8, '8531276', '2018-11-12 15:18:51'),
(252, 2, '10915224', '2018-11-15 10:14:52'),
(252, 3, '10915224', '2018-11-15 10:14:52'),
(252, 4, '10915224', '2018-11-15 10:14:52'),
(252, 5, '10915224', '2018-11-15 10:14:52'),
(252, 8, '10915224', '2018-11-15 10:14:52'),
(253, 2, '7324670', '2018-11-10 10:28:28'),
(253, 3, '7324670', '2018-11-10 10:28:28'),
(253, 4, '7324670', '2018-11-10 10:28:28'),
(253, 5, '7324670', '2018-11-10 10:28:28'),
(253, 8, '7324670', '2018-11-10 10:28:28'),
(254, 2, '8531276', '2018-11-13 09:19:33'),
(254, 3, '8531276', '2018-11-13 09:19:33'),
(254, 4, '8531276', '2018-11-13 09:19:33'),
(254, 5, '7374887', '2018-11-16 11:58:56'),
(254, 6, '7374887', '2018-11-16 11:58:56'),
(254, 7, '7374887', '2018-11-16 11:58:56'),
(254, 8, '8531276', '2018-11-13 09:19:33'),
(255, 2, '7371107', '2018-11-10 12:16:47'),
(255, 3, '7371107', '2018-11-10 12:16:47'),
(255, 4, '7371107', '2018-11-10 12:16:47'),
(255, 5, '7371107', '2018-11-10 12:16:47'),
(255, 6, '10915224', '2018-11-15 17:52:08'),
(255, 7, '10915224', '2018-11-15 17:52:08'),
(255, 8, '7371107', '2018-11-10 12:16:47'),
(256, 2, '8531276', '2018-11-12 10:01:38'),
(256, 3, '8531276', '2018-11-12 10:01:38'),
(256, 4, '8531276', '2018-11-12 10:01:38'),
(256, 5, '8531276', '2018-11-12 10:01:38'),
(256, 6, '7392394', '2018-11-16 10:25:18'),
(256, 7, '7392394', '2018-11-16 10:25:18'),
(256, 8, '8531276', '2018-11-12 10:01:38'),
(257, 2, '7324670', '2018-11-12 11:00:44'),
(257, 3, '7324670', '2018-11-12 11:00:44'),
(257, 4, '7324670', '2018-11-12 11:00:44'),
(257, 5, '7324670', '2018-11-12 11:00:44'),
(257, 8, '7324670', '2018-11-12 11:00:44'),
(258, 2, '7392394', '2018-11-12 11:10:49'),
(258, 3, '7392394', '2018-11-12 11:10:49'),
(258, 4, '7392394', '2018-11-12 11:10:49'),
(258, 5, '7392394', '2018-11-12 11:10:49'),
(258, 8, '7392394', '2018-11-12 11:10:49'),
(259, 2, '7324670', '2018-11-10 10:47:24'),
(259, 3, '7324670', '2018-11-10 10:47:24'),
(259, 4, '7324670', '2018-11-10 10:47:24'),
(259, 5, '7324670', '2018-11-10 10:47:24'),
(259, 6, '7371107', '2018-11-15 17:25:31'),
(259, 7, '7371107', '2018-11-15 17:25:31'),
(259, 8, '7324670', '2018-11-10 10:47:24'),
(260, 2, '7288367', '2018-11-10 11:33:42'),
(260, 3, '7288367', '2018-11-10 11:33:42'),
(260, 4, '7288367', '2018-11-10 11:33:42'),
(260, 5, '7288367', '2018-11-10 11:33:42'),
(260, 6, '8531276', '2018-11-15 16:02:38'),
(260, 7, '8531276', '2018-11-15 16:02:38'),
(260, 8, '7288367', '2018-11-10 11:33:42'),
(261, 2, '7324670', '2018-11-12 16:17:07'),
(261, 3, '7324670', '2018-11-12 16:17:07'),
(261, 4, '7324670', '2018-11-12 16:17:07'),
(261, 5, '8531276', '2018-11-15 16:24:00'),
(261, 6, '8531276', '2018-11-15 16:24:00'),
(261, 7, '8531276', '2018-11-15 16:24:00'),
(261, 8, '7324670', '2018-11-12 16:17:07'),
(262, 2, '7281458', '2018-11-14 15:20:30'),
(262, 3, '7281458', '2018-11-14 15:20:31'),
(262, 4, '7281458', '2018-11-14 15:20:31'),
(262, 5, '7281458', '2018-11-14 15:20:31'),
(262, 8, '7281458', '2018-11-14 15:20:31'),
(263, 2, '5747499', '2018-11-10 10:22:46'),
(263, 3, '5747499', '2018-11-10 10:22:46'),
(263, 4, '5747499', '2018-11-10 10:22:46'),
(263, 5, '5747499', '2018-11-10 10:22:46'),
(263, 6, '7374887', '2018-11-16 09:46:01'),
(263, 7, '7374887', '2018-11-16 09:46:01'),
(263, 8, '5747499', '2018-11-10 10:22:46'),
(264, 2, '7392394', '2018-11-12 15:39:33'),
(264, 3, '7392394', '2018-11-12 15:39:33'),
(264, 4, '7392394', '2018-11-12 15:39:33'),
(264, 5, '7422831', '2018-11-15 17:15:51'),
(264, 6, '7422831', '2018-11-15 17:15:51'),
(264, 7, '7422831', '2018-11-15 17:15:51'),
(264, 8, '7392394', '2018-11-12 15:39:33'),
(265, 2, '7288367', '2018-11-10 11:19:30'),
(265, 3, '7288367', '2018-11-10 11:19:30'),
(265, 4, '7288367', '2018-11-10 11:19:30'),
(265, 5, '7288367', '2018-11-10 11:19:30'),
(265, 8, '7288367', '2018-11-10 11:19:30'),
(266, 2, '7288367', '2018-11-10 10:04:24'),
(266, 3, '7288367', '2018-11-10 10:04:24'),
(266, 4, '7288367', '2018-11-10 10:04:24'),
(266, 5, '7288367', '2018-11-10 10:04:24'),
(266, 6, '8531276', '2018-11-16 09:10:02'),
(266, 7, '8531276', '2018-11-16 09:10:02'),
(266, 8, '7288367', '2018-11-10 10:04:24'),
(267, 2, '7324670', '2018-11-10 10:44:06'),
(267, 3, '7324670', '2018-11-10 10:44:06'),
(267, 4, '7324670', '2018-11-10 10:44:06'),
(267, 5, '7324670', '2018-11-10 10:44:06'),
(267, 6, '7289677', '2018-11-15 15:26:46'),
(267, 7, '7289677', '2018-11-15 15:26:46'),
(267, 8, '7324670', '2018-11-10 10:44:06'),
(268, 2, '7371107', '2018-11-10 10:29:55'),
(268, 3, '7371107', '2018-11-10 10:29:55'),
(268, 4, '7371107', '2018-11-10 10:29:55'),
(268, 5, '7371107', '2018-11-10 10:29:55'),
(268, 6, '7324670', '2018-11-15 15:59:21'),
(268, 7, '7324670', '2018-11-15 15:59:21'),
(268, 8, '7371107', '2018-11-10 10:29:55'),
(269, 2, '7288367', '2018-11-10 10:09:50'),
(269, 3, '7288367', '2018-11-10 10:09:50'),
(269, 4, '7288367', '2018-11-10 10:09:50'),
(269, 5, '7288367', '2018-11-10 10:09:50'),
(269, 6, '8531276', '2018-11-15 16:09:55'),
(269, 7, '8531276', '2018-11-15 16:09:55'),
(269, 8, '7288367', '2018-11-10 10:09:50'),
(270, 2, '8531276', '2018-11-12 15:55:15'),
(270, 3, '8531276', '2018-11-12 15:55:15'),
(270, 4, '8531276', '2018-11-12 15:55:15'),
(270, 5, '7324670', '2018-11-14 09:19:12'),
(270, 8, '8531276', '2018-11-12 15:55:15'),
(271, 2, '8531276', '2018-11-12 10:10:08'),
(271, 3, '8531276', '2018-11-12 10:10:08'),
(271, 4, '8531276', '2018-11-12 10:10:08'),
(271, 5, '8531276', '2018-11-12 10:10:08'),
(271, 6, '7374887', '2018-11-16 11:52:03'),
(271, 7, '7374887', '2018-11-16 11:52:03'),
(271, 8, '8531276', '2018-11-12 10:10:08'),
(272, 2, '7324670', '2018-11-10 10:16:48'),
(272, 3, '7324670', '2018-11-10 10:16:48'),
(272, 4, '7324670', '2018-11-10 10:16:48'),
(272, 5, '7324670', '2018-11-10 10:16:48'),
(272, 6, '7289677', '2018-11-15 16:17:06'),
(272, 7, '7289677', '2018-11-15 16:17:06'),
(272, 8, '7324670', '2018-11-10 10:16:48'),
(273, 2, '8531276', '2018-11-10 12:05:38'),
(273, 3, '8531276', '2018-11-10 12:05:38'),
(273, 4, '8531276', '2018-11-10 12:05:38'),
(273, 5, '8531276', '2018-11-10 12:05:38'),
(273, 6, '8531276', '2018-11-16 10:45:30'),
(273, 7, '8531276', '2018-11-16 10:45:30'),
(273, 8, '8531276', '2018-11-10 12:05:38'),
(274, 2, '7324670', '2018-11-12 09:55:06'),
(274, 3, '7324670', '2018-11-12 09:55:06'),
(274, 4, '7324670', '2018-11-12 09:55:06'),
(274, 5, '7324670', '2018-11-12 09:55:06'),
(274, 6, '7289677', '2018-11-15 17:29:27'),
(274, 7, '7289677', '2018-11-15 17:29:27'),
(274, 8, '7324670', '2018-11-12 09:55:06'),
(275, 2, '7324670', '2018-11-12 09:54:01'),
(275, 3, '7324670', '2018-11-12 09:54:01'),
(275, 4, '7324670', '2018-11-12 09:54:01'),
(275, 5, '7324670', '2018-11-12 09:54:01'),
(275, 6, '7289677', '2018-11-15 17:28:20'),
(275, 7, '7289677', '2018-11-15 17:28:20'),
(275, 8, '7324670', '2018-11-12 09:54:01'),
(276, 2, '7422831', '2018-11-12 09:37:08'),
(276, 3, '7422831', '2018-11-12 09:37:08'),
(276, 4, '7422831', '2018-11-12 09:37:08'),
(276, 5, '7422831', '2018-11-12 09:37:08'),
(276, 8, '7422831', '2018-11-12 09:37:08'),
(277, 2, '7371107', '2018-11-10 10:37:14'),
(277, 3, '7371107', '2018-11-10 10:37:14'),
(277, 4, '7371107', '2018-11-10 10:37:14'),
(277, 5, '7371107', '2018-11-10 10:37:14'),
(277, 8, '7371107', '2018-11-10 10:37:14'),
(278, 5, '7374887', '2018-11-16 12:10:25'),
(278, 6, '7374887', '2018-11-16 12:10:25'),
(278, 7, '7374887', '2018-11-16 12:10:25'),
(279, 2, '7324670', '2018-11-14 16:15:56'),
(279, 3, '7324670', '2018-11-14 16:15:56'),
(279, 4, '7324670', '2018-11-14 16:15:56'),
(279, 5, '7324670', '2018-11-14 16:15:56'),
(279, 6, '7371107', '2018-11-15 17:40:07'),
(279, 7, '7371107', '2018-11-15 17:40:07'),
(279, 8, '7324670', '2018-11-14 16:15:56'),
(280, 2, '7371107', '2018-11-10 10:26:40'),
(280, 3, '7371107', '2018-11-10 10:26:40'),
(280, 4, '7371107', '2018-11-10 10:26:40'),
(280, 5, '7371107', '2018-11-10 10:26:40'),
(280, 8, '7371107', '2018-11-10 10:26:40'),
(281, 2, '7324670', '2018-11-10 10:05:30'),
(281, 3, '7324670', '2018-11-10 10:05:30'),
(281, 4, '7324670', '2018-11-10 10:05:30'),
(281, 5, '7324670', '2018-11-10 10:05:30'),
(281, 6, '7289677', '2018-11-15 16:12:58'),
(281, 7, '7289677', '2018-11-15 16:12:58'),
(281, 8, '7324670', '2018-11-10 10:05:30'),
(282, 2, '7371107', '2018-11-10 11:06:28'),
(282, 3, '7371107', '2018-11-10 11:06:28'),
(282, 4, '7371107', '2018-11-10 11:06:28'),
(282, 5, '7371107', '2018-11-10 11:06:28'),
(282, 6, '7324670', '2018-11-15 15:31:32'),
(282, 7, '7324670', '2018-11-15 15:31:32'),
(282, 8, '7371107', '2018-11-10 11:06:28'),
(283, 2, '8531276', '2018-11-12 10:12:29'),
(283, 3, '8531276', '2018-11-12 10:12:29'),
(283, 4, '8531276', '2018-11-12 10:12:29'),
(283, 5, '8531276', '2018-11-12 10:12:29'),
(283, 6, '7374887', '2018-11-16 12:17:22'),
(283, 7, '7374887', '2018-11-16 12:17:22'),
(283, 8, '8531276', '2018-11-12 10:12:29'),
(284, 2, '8531276', '2018-11-12 10:13:44'),
(284, 3, '8531276', '2018-11-12 10:13:44'),
(284, 4, '8531276', '2018-11-12 10:13:44'),
(284, 5, '8531276', '2018-11-12 10:13:44'),
(284, 6, '7374887', '2018-11-16 12:02:51'),
(284, 7, '7374887', '2018-11-16 12:02:51'),
(284, 8, '8531276', '2018-11-12 10:13:44'),
(285, 2, '7324670', '2018-11-12 09:52:51'),
(285, 3, '7324670', '2018-11-12 09:52:51'),
(285, 4, '7324670', '2018-11-12 09:52:51'),
(285, 5, '7324670', '2018-11-12 09:52:51'),
(285, 6, '7368225', '2018-11-16 10:33:07'),
(285, 7, '7368225', '2018-11-16 10:33:07'),
(285, 8, '7324670', '2018-11-12 09:52:51'),
(286, 2, '5747499', '2018-11-10 10:15:07'),
(286, 3, '5747499', '2018-11-10 10:15:07'),
(286, 4, '5747499', '2018-11-10 10:15:07'),
(286, 5, '5747499', '2018-11-10 10:15:07'),
(286, 8, '5747499', '2018-11-10 10:15:07'),
(287, 2, '7324670', '2018-11-12 10:37:24'),
(287, 3, '7324670', '2018-11-12 10:37:24'),
(287, 4, '7324670', '2018-11-12 10:37:24'),
(287, 5, '7324670', '2018-11-12 10:37:24'),
(287, 8, '7324670', '2018-11-12 10:37:24'),
(288, 2, '8531276', '2018-11-10 10:24:05'),
(288, 3, '8531276', '2018-11-10 10:24:05'),
(288, 4, '8531276', '2018-11-10 10:24:06'),
(288, 5, '8531276', '2018-11-10 10:24:06'),
(288, 6, '8531276', '2018-11-16 10:56:39'),
(288, 7, '8531276', '2018-11-16 10:56:39'),
(288, 8, '8531276', '2018-11-10 10:24:06'),
(289, 2, '7392394', '2018-11-10 12:18:09'),
(289, 3, '7392394', '2018-11-10 12:18:09'),
(289, 4, '7392394', '2018-11-10 12:18:09'),
(289, 5, '7392394', '2018-11-10 12:18:09'),
(289, 8, '7392394', '2018-11-10 12:18:09'),
(290, 2, '8531276', '2018-11-12 10:45:36'),
(290, 3, '8531276', '2018-11-12 10:45:36'),
(290, 4, '8531276', '2018-11-12 10:45:36'),
(290, 5, '8531276', '2018-11-12 10:45:36'),
(290, 6, '7324670', '2018-11-15 16:52:40'),
(290, 7, '7324670', '2018-11-15 16:52:40'),
(290, 8, '8531276', '2018-11-12 10:45:36'),
(291, 2, '7324670', '2018-11-14 10:28:47'),
(291, 3, '7324670', '2018-11-14 10:28:47'),
(291, 4, '7324670', '2018-11-14 10:28:47'),
(291, 5, '7324670', '2018-11-14 10:28:47'),
(291, 8, '7324670', '2018-11-14 10:28:47'),
(292, 2, '8531276', '2018-11-12 10:07:11'),
(292, 3, '8531276', '2018-11-12 10:07:11'),
(292, 4, '8531276', '2018-11-12 10:07:11'),
(292, 5, '8531276', '2018-11-12 10:07:11'),
(292, 8, '8531276', '2018-11-12 10:07:11'),
(293, 2, '7324670', '2018-11-12 09:34:00'),
(293, 3, '7324670', '2018-11-12 09:34:00'),
(293, 4, '7324670', '2018-11-12 09:34:00'),
(293, 5, '7324670', '2018-11-12 09:34:00'),
(293, 8, '7324670', '2018-11-12 09:34:00'),
(294, 2, '7371107', '2018-11-10 11:07:36'),
(294, 3, '7371107', '2018-11-10 11:07:36'),
(294, 4, '7371107', '2018-11-10 11:07:36'),
(294, 5, '7371107', '2018-11-10 11:07:36'),
(294, 8, '7371107', '2018-11-10 11:07:36'),
(295, 2, '8531276', '2018-11-10 12:12:23'),
(295, 3, '8531276', '2018-11-10 12:12:23'),
(295, 4, '8531276', '2018-11-10 12:12:23'),
(295, 5, '8531276', '2018-11-10 12:12:23'),
(295, 8, '8531276', '2018-11-10 12:12:23'),
(296, 2, '7392394', '2018-11-10 11:54:43'),
(296, 3, '7392394', '2018-11-10 11:54:43'),
(296, 4, '7392394', '2018-11-10 11:54:43'),
(296, 5, '7392394', '2018-11-10 11:54:43'),
(296, 6, '7371107', '2018-11-15 15:36:32'),
(296, 7, '7371107', '2018-11-15 15:36:32'),
(296, 8, '7392394', '2018-11-10 11:54:43'),
(297, 2, '7371107', '2018-11-10 11:01:57'),
(297, 3, '7371107', '2018-11-10 11:01:57'),
(297, 4, '7371107', '2018-11-10 11:01:57'),
(297, 5, '7371107', '2018-11-10 11:01:57'),
(297, 8, '7371107', '2018-11-10 11:01:57'),
(298, 2, '7324670', '2018-11-12 12:09:22'),
(298, 3, '7324670', '2018-11-12 12:09:22'),
(298, 4, '7324670', '2018-11-12 12:09:22'),
(298, 5, '7324670', '2018-11-12 12:09:22'),
(298, 6, '7368225', '2018-11-16 10:35:26'),
(298, 7, '7368225', '2018-11-16 10:35:26'),
(298, 8, '7324670', '2018-11-12 12:09:22'),
(299, 2, '8531276', '2018-11-12 11:51:12'),
(299, 3, '8531276', '2018-11-12 11:51:12'),
(299, 4, '8531276', '2018-11-12 11:51:12'),
(299, 5, '8531276', '2018-11-12 11:51:12'),
(299, 6, '7324670', '2018-11-15 17:04:52'),
(299, 7, '7324670', '2018-11-15 17:04:52'),
(299, 8, '8531276', '2018-11-12 11:51:12'),
(300, 2, '7371107', '2018-11-10 12:06:48'),
(300, 3, '7371107', '2018-11-10 12:06:48'),
(300, 4, '7371107', '2018-11-10 12:06:48'),
(300, 5, '7371107', '2018-11-10 12:06:48'),
(300, 8, '7371107', '2018-11-10 12:06:48'),
(301, 2, '7392394', '2018-11-10 10:05:22'),
(301, 3, '7392394', '2018-11-10 10:05:22'),
(301, 4, '7392394', '2018-11-10 10:05:22'),
(301, 5, '7392394', '2018-11-10 10:05:22'),
(301, 6, '7422831', '2018-11-15 15:55:53'),
(301, 7, '7422831', '2018-11-15 15:55:53'),
(301, 8, '7392394', '2018-11-10 10:05:22'),
(302, 2, '7324670', '2018-11-10 11:26:29'),
(302, 3, '7324670', '2018-11-10 11:26:29'),
(302, 4, '7324670', '2018-11-10 11:26:29'),
(302, 5, '7324670', '2018-11-10 11:26:29'),
(302, 8, '7324670', '2018-11-10 11:26:29'),
(303, 2, '7324670', '2018-11-10 11:35:58'),
(303, 3, '7324670', '2018-11-10 11:35:58'),
(303, 4, '7324670', '2018-11-10 11:35:58'),
(303, 5, '7324670', '2018-11-10 11:35:58'),
(303, 6, '7289677', '2018-11-15 16:05:00'),
(303, 7, '7289677', '2018-11-15 16:05:00'),
(303, 8, '7324670', '2018-11-10 11:35:58'),
(304, 2, '7324670', '2018-11-10 12:19:23'),
(304, 3, '7324670', '2018-11-10 12:19:23'),
(304, 4, '7324670', '2018-11-10 12:19:23'),
(304, 5, '7324670', '2018-11-10 12:19:23'),
(304, 6, '7368225', '2018-11-16 10:54:18'),
(304, 7, '7368225', '2018-11-16 10:54:18'),
(304, 8, '7324670', '2018-11-10 12:19:23'),
(305, 2, '7324670', '2018-11-12 10:46:54'),
(305, 3, '7324670', '2018-11-12 10:46:54'),
(305, 4, '7324670', '2018-11-12 10:46:54'),
(305, 5, '7324670', '2018-11-12 10:46:54'),
(305, 6, '7289677', '2018-11-15 15:54:53'),
(305, 7, '7289677', '2018-11-15 15:54:53'),
(305, 8, '7324670', '2018-11-12 10:46:54'),
(306, 2, '7288367', '2018-11-10 10:18:25'),
(306, 3, '7288367', '2018-11-10 10:18:25'),
(306, 4, '7288367', '2018-11-10 10:18:25'),
(306, 5, '7288367', '2018-11-10 10:18:25'),
(306, 6, '8531276', '2018-11-15 16:32:36'),
(306, 7, '8531276', '2018-11-15 16:32:36'),
(306, 8, '7288367', '2018-11-10 10:18:25'),
(307, 2, '7324670', '2018-11-12 15:09:16'),
(307, 3, '7324670', '2018-11-12 15:09:16'),
(307, 4, '7324670', '2018-11-12 15:09:16'),
(307, 5, '8531276', '2018-11-15 15:23:11'),
(307, 6, '8531276', '2018-11-15 15:23:11'),
(307, 7, '8531276', '2018-11-15 15:23:11'),
(307, 8, '7324670', '2018-11-12 15:09:16'),
(308, 2, '7324670', '2018-11-13 10:21:08'),
(308, 3, '7324670', '2018-11-13 10:21:08'),
(308, 4, '7324670', '2018-11-13 10:21:08'),
(308, 5, '7288367', '2018-11-15 10:35:45'),
(308, 6, '8531276', '2018-11-15 17:27:09'),
(308, 7, '8531276', '2018-11-15 17:27:09'),
(308, 8, '7324670', '2018-11-13 10:21:08'),
(309, 2, '8531276', '2018-11-12 12:08:53'),
(309, 3, '8531276', '2018-11-12 12:08:53'),
(309, 4, '8531276', '2018-11-12 12:08:53'),
(309, 5, '8531276', '2018-11-12 12:08:53'),
(309, 6, '10915224', '2018-11-15 16:01:02'),
(309, 7, '10915224', '2018-11-15 16:01:02'),
(309, 8, '8531276', '2018-11-12 12:08:53'),
(311, 2, '7324670', '2018-11-12 10:44:34'),
(311, 3, '7324670', '2018-11-12 10:44:34'),
(311, 4, '7324670', '2018-11-12 10:44:34'),
(311, 5, '7324670', '2018-11-12 10:44:34'),
(311, 8, '7324670', '2018-11-12 10:44:34'),
(312, 2, '8531276', '2018-11-12 11:31:05'),
(312, 3, '8531276', '2018-11-12 11:31:05'),
(312, 4, '8531276', '2018-11-12 11:31:05'),
(312, 5, '8531276', '2018-11-12 11:31:05'),
(312, 8, '8531276', '2018-11-12 11:31:05'),
(313, 2, '7392394', '2018-11-10 11:00:58'),
(313, 3, '7392394', '2018-11-10 11:00:58'),
(313, 4, '7392394', '2018-11-10 11:00:58'),
(313, 5, '7392394', '2018-11-10 11:00:58'),
(313, 6, '7422831', '2018-11-15 15:53:26'),
(313, 7, '7422831', '2018-11-15 15:53:26'),
(313, 8, '7392394', '2018-11-10 11:00:58'),
(314, 2, '8531276', '2018-11-12 09:53:15'),
(314, 3, '8531276', '2018-11-12 09:53:15'),
(314, 4, '8531276', '2018-11-12 09:53:15'),
(314, 5, '8531276', '2018-11-12 09:53:15'),
(314, 6, '10915224', '2018-11-15 15:56:27'),
(314, 7, '10915224', '2018-11-15 15:56:27'),
(314, 8, '8531276', '2018-11-12 09:53:15'),
(315, 2, '8531276', '2018-11-13 08:56:27'),
(315, 3, '8531276', '2018-11-13 08:56:27'),
(315, 4, '8531276', '2018-11-13 08:56:27'),
(315, 5, '8531276', '2018-11-16 09:28:51'),
(315, 6, '8531276', '2018-11-16 09:28:51'),
(315, 7, '8531276', '2018-11-16 09:28:51'),
(315, 8, '8531276', '2018-11-13 08:56:27'),
(316, 2, '8531276', '2018-11-12 09:15:11'),
(316, 3, '8531276', '2018-11-12 09:15:11'),
(316, 4, '8531276', '2018-11-12 09:15:11'),
(316, 5, '8531276', '2018-11-12 09:15:11'),
(316, 6, '7324670', '2018-11-15 16:42:04'),
(316, 7, '7324670', '2018-11-15 16:42:04'),
(316, 8, '8531276', '2018-11-12 09:15:11'),
(317, 2, '5747499', '2018-11-10 10:42:31'),
(317, 3, '5747499', '2018-11-10 10:42:31'),
(317, 4, '5747499', '2018-11-10 10:42:31'),
(317, 5, '5747499', '2018-11-10 10:42:31'),
(317, 6, '10915224', '2018-11-15 15:52:04'),
(317, 7, '10915224', '2018-11-15 15:52:04'),
(317, 8, '5747499', '2018-11-10 10:42:31'),
(318, 2, '7324670', '2018-11-12 09:06:34'),
(318, 3, '7324670', '2018-11-12 09:06:34'),
(318, 4, '7324670', '2018-11-12 09:06:34'),
(318, 5, '7324670', '2018-11-12 09:06:34'),
(318, 8, '7324670', '2018-11-12 09:06:34'),
(319, 2, '7324670', '2018-11-10 10:21:02'),
(319, 3, '7324670', '2018-11-10 10:21:02'),
(319, 4, '7324670', '2018-11-10 10:21:02'),
(319, 5, '7324670', '2018-11-10 10:21:02'),
(319, 6, '7368225', '2018-11-16 10:37:57'),
(319, 7, '7368225', '2018-11-16 10:37:57'),
(319, 8, '7324670', '2018-11-10 10:21:02'),
(320, 2, '7371107', '2018-11-10 11:32:51'),
(320, 3, '7371107', '2018-11-10 11:32:51'),
(320, 4, '7371107', '2018-11-10 11:32:51'),
(320, 5, '7371107', '2018-11-10 11:32:51'),
(320, 6, '7324670', '2018-11-15 15:56:35'),
(320, 7, '7324670', '2018-11-15 15:56:35'),
(320, 8, '7371107', '2018-11-10 11:32:51'),
(321, 2, '7324670', '2018-11-12 10:58:09'),
(321, 3, '7324670', '2018-11-12 10:58:09'),
(321, 4, '7324670', '2018-11-12 10:58:09'),
(321, 5, '7324670', '2018-11-12 10:58:09'),
(321, 6, '8531276', '2018-11-16 12:12:51'),
(321, 7, '8531276', '2018-11-16 12:12:51'),
(321, 8, '7324670', '2018-11-12 10:58:09'),
(322, 2, '7371107', '2018-11-10 11:26:04'),
(322, 3, '7371107', '2018-11-10 11:26:05'),
(322, 4, '7371107', '2018-11-10 11:26:05'),
(322, 5, '7371107', '2018-11-10 11:26:05'),
(322, 6, '7324670', '2018-11-15 17:11:07'),
(322, 7, '7324670', '2018-11-15 17:11:07'),
(322, 8, '7371107', '2018-11-10 11:26:05'),
(323, 2, '7392394', '2018-11-12 16:44:28'),
(323, 3, '7392394', '2018-11-12 16:44:28'),
(323, 4, '7392394', '2018-11-12 16:44:28'),
(323, 5, '7371107', '2018-11-16 11:53:55'),
(323, 6, '7371107', '2018-11-16 11:53:55'),
(323, 7, '7371107', '2018-11-16 11:53:55'),
(323, 8, '7392394', '2018-11-12 16:44:28'),
(324, 2, '7324670', '2018-11-12 09:30:01'),
(324, 3, '7324670', '2018-11-12 09:30:01'),
(324, 4, '7324670', '2018-11-12 09:30:01'),
(324, 5, '7324670', '2018-11-12 09:30:01'),
(324, 6, '8531276', '2018-11-15 17:34:45'),
(324, 7, '8531276', '2018-11-15 17:34:45'),
(324, 8, '7324670', '2018-11-12 09:30:01'),
(325, 2, '7324670', '2018-11-10 11:06:55'),
(325, 3, '7324670', '2018-11-10 11:06:55'),
(325, 4, '7324670', '2018-11-10 11:06:55'),
(325, 5, '7324670', '2018-11-10 11:06:55'),
(325, 6, '7289677', '2018-11-15 16:52:37'),
(325, 7, '7289677', '2018-11-15 16:52:37'),
(325, 8, '7324670', '2018-11-10 11:06:55'),
(326, 2, '5747499', '2018-11-10 11:49:30'),
(326, 3, '5747499', '2018-11-10 11:49:30'),
(326, 4, '5747499', '2018-11-10 11:49:30'),
(326, 5, '5747499', '2018-11-10 11:49:30'),
(326, 8, '5747499', '2018-11-10 11:49:30'),
(327, 2, '7392394', '2018-11-10 10:13:48'),
(327, 3, '7392394', '2018-11-10 10:13:48'),
(327, 4, '7392394', '2018-11-10 10:13:48'),
(327, 5, '7392394', '2018-11-10 10:13:48'),
(327, 6, '7422831', '2018-11-15 16:04:58'),
(327, 7, '7422831', '2018-11-15 16:04:58'),
(327, 8, '7392394', '2018-11-10 10:13:48'),
(328, 2, '5747499', '2018-11-12 10:13:48'),
(328, 3, '5747499', '2018-11-12 10:13:48'),
(328, 4, '5747499', '2018-11-12 10:13:48'),
(328, 5, '5747499', '2018-11-12 10:13:48'),
(328, 6, '7392394', '2018-11-16 11:54:22'),
(328, 7, '7392394', '2018-11-16 11:54:22'),
(328, 8, '5747499', '2018-11-12 10:13:48'),
(329, 2, '7324670', '2018-11-12 10:40:55'),
(329, 3, '7324670', '2018-11-12 10:40:55'),
(329, 4, '7324670', '2018-11-12 10:40:55'),
(329, 5, '7324670', '2018-11-12 10:40:55'),
(329, 6, '7392394', '2018-11-16 10:21:29'),
(329, 7, '7392394', '2018-11-16 10:21:29'),
(329, 8, '7324670', '2018-11-12 10:40:55'),
(330, 2, '7371107', '2018-11-10 09:53:04'),
(330, 3, '7371107', '2018-11-10 09:53:04'),
(330, 4, '7371107', '2018-11-10 09:53:04'),
(330, 5, '7371107', '2018-11-10 09:53:04'),
(330, 6, '7392394', '2018-11-16 10:52:43'),
(330, 7, '7392394', '2018-11-16 10:52:43'),
(330, 8, '7371107', '2018-11-10 09:53:04'),
(331, 2, '7324670', '2018-11-12 08:25:18'),
(331, 3, '7324670', '2018-11-12 08:25:18'),
(331, 4, '7324670', '2018-11-12 08:25:18'),
(331, 5, '7324670', '2018-11-12 08:25:18'),
(331, 6, '7289677', '2018-11-15 17:30:25'),
(331, 7, '7289677', '2018-11-15 17:30:25'),
(331, 8, '7324670', '2018-11-12 08:25:18'),
(332, 2, '7288367', '2018-11-10 12:18:04'),
(332, 3, '7288367', '2018-11-10 12:18:04'),
(332, 4, '7288367', '2018-11-10 12:18:04'),
(332, 5, '7288367', '2018-11-10 12:18:04'),
(332, 6, '8531276', '2018-11-15 17:31:43'),
(332, 7, '8531276', '2018-11-15 17:31:43'),
(332, 8, '7288367', '2018-11-10 12:18:04'),
(333, 2, '8531276', '2018-11-10 10:51:02'),
(333, 3, '8531276', '2018-11-10 10:51:02'),
(333, 4, '8531276', '2018-11-10 10:51:02'),
(333, 5, '8531276', '2018-11-10 10:51:02'),
(333, 6, '7289677', '2018-11-15 16:06:49'),
(333, 7, '7289677', '2018-11-15 16:06:49'),
(333, 8, '8531276', '2018-11-10 10:51:02'),
(334, 2, '7422831', '2018-11-12 09:11:56'),
(334, 3, '7422831', '2018-11-12 09:11:56'),
(334, 4, '7422831', '2018-11-12 09:11:56'),
(334, 5, '7422831', '2018-11-12 09:11:56'),
(334, 6, '7422831', '2018-11-15 16:01:05'),
(334, 7, '7422831', '2018-11-15 16:01:05'),
(334, 8, '7422831', '2018-11-12 09:11:56'),
(335, 2, '7392394', '2018-11-12 15:02:57'),
(335, 3, '7392394', '2018-11-12 15:02:57'),
(335, 4, '7392394', '2018-11-12 15:02:57'),
(335, 8, '7392394', '2018-11-12 15:02:57'),
(336, 2, '8531276', '2018-11-12 11:33:51'),
(336, 3, '8531276', '2018-11-12 11:33:51'),
(336, 4, '8531276', '2018-11-12 11:33:51'),
(336, 5, '8531276', '2018-11-12 11:33:51'),
(336, 6, '7392394', '2018-11-16 09:14:26'),
(336, 7, '7392394', '2018-11-16 09:14:26'),
(336, 8, '8531276', '2018-11-12 11:33:51'),
(337, 2, '7324670', '2018-11-12 09:01:37'),
(337, 3, '7324670', '2018-11-12 09:01:37'),
(337, 4, '7324670', '2018-11-12 09:01:37'),
(337, 5, '7324670', '2018-11-12 09:01:37'),
(337, 8, '7324670', '2018-11-12 09:01:37'),
(338, 2, '7324670', '2018-11-12 10:22:00'),
(338, 3, '7324670', '2018-11-12 10:22:00'),
(338, 4, '7324670', '2018-11-12 10:22:00'),
(338, 5, '7324670', '2018-11-12 10:22:00'),
(338, 6, '8531276', '2018-11-15 16:22:07'),
(338, 7, '8531276', '2018-11-15 16:22:07'),
(338, 8, '7324670', '2018-11-12 10:22:00'),
(339, 2, '8531276', '2018-11-12 11:12:02'),
(339, 3, '8531276', '2018-11-12 11:12:02'),
(339, 4, '8531276', '2018-11-12 11:12:02'),
(339, 5, '8531276', '2018-11-12 11:12:02'),
(339, 8, '8531276', '2018-11-12 11:12:02'),
(340, 2, '8531276', '2018-11-10 11:30:50'),
(340, 3, '8531276', '2018-11-10 11:30:50'),
(340, 4, '8531276', '2018-11-10 11:30:50'),
(340, 5, '8531276', '2018-11-10 11:30:50'),
(340, 6, '7368225', '2018-11-16 11:50:57'),
(340, 7, '7368225', '2018-11-16 11:50:57'),
(340, 8, '8531276', '2018-11-10 11:30:50'),
(341, 2, '7392394', '2018-11-10 10:08:35'),
(341, 3, '7392394', '2018-11-10 10:08:35'),
(341, 4, '7392394', '2018-11-10 10:08:35'),
(341, 5, '7392394', '2018-11-10 10:08:35'),
(341, 6, '7422831', '2018-11-15 16:26:22'),
(341, 7, '7422831', '2018-11-15 16:26:23'),
(341, 8, '7392394', '2018-11-10 10:08:35'),
(342, 2, '8531276', '2018-11-10 10:18:37'),
(342, 3, '8531276', '2018-11-10 10:18:37'),
(342, 4, '8531276', '2018-11-10 10:18:37'),
(342, 5, '8531276', '2018-11-10 10:18:37'),
(342, 6, '7289677', '2018-11-15 16:25:52'),
(342, 7, '7289677', '2018-11-15 16:25:53'),
(342, 8, '8531276', '2018-11-10 10:18:37'),
(343, 2, '7392394', '2018-11-12 14:39:00'),
(343, 3, '7392394', '2018-11-12 14:39:00'),
(343, 4, '7392394', '2018-11-12 14:39:00'),
(343, 8, '7392394', '2018-11-12 14:39:00'),
(344, 2, '7288367', '2018-11-10 12:09:49'),
(344, 3, '7288367', '2018-11-10 12:09:49'),
(344, 4, '7288367', '2018-11-10 12:09:49'),
(344, 5, '7288367', '2018-11-10 12:09:49'),
(344, 6, '8531276', '2018-11-15 16:59:32'),
(344, 7, '8531276', '2018-11-15 16:59:32'),
(344, 8, '7288367', '2018-11-10 12:09:49'),
(345, 2, '7392394', '2018-11-10 10:39:03'),
(345, 3, '7392394', '2018-11-10 10:39:03'),
(345, 4, '7392394', '2018-11-10 10:39:03'),
(345, 5, '7392394', '2018-11-10 10:39:03'),
(345, 8, '7392394', '2018-11-10 10:39:03'),
(346, 2, '7392394', '2018-11-10 11:05:04'),
(346, 3, '7392394', '2018-11-10 11:05:04'),
(346, 4, '7392394', '2018-11-10 11:05:05'),
(346, 5, '7392394', '2018-11-10 11:05:05'),
(346, 6, '7371107', '2018-11-15 16:02:09'),
(346, 7, '7371107', '2018-11-15 16:02:09'),
(346, 8, '7392394', '2018-11-10 11:05:05'),
(347, 2, '7371107', '2018-11-10 12:12:38'),
(347, 3, '7371107', '2018-11-10 12:12:38'),
(347, 4, '7371107', '2018-11-10 12:12:38'),
(347, 5, '7371107', '2018-11-10 12:12:38'),
(347, 6, '7324670', '2018-11-15 16:16:41'),
(347, 7, '7324670', '2018-11-15 16:16:41'),
(347, 8, '7371107', '2018-11-10 12:12:38'),
(348, 2, '5747499', '2018-11-10 11:20:59'),
(348, 3, '5747499', '2018-11-10 11:20:59'),
(348, 4, '5747499', '2018-11-10 11:20:59'),
(348, 5, '5747499', '2018-11-10 11:20:59'),
(348, 8, '5747499', '2018-11-10 11:20:59'),
(349, 2, '7324670', '2018-11-12 10:29:20'),
(349, 3, '7324670', '2018-11-12 10:29:20'),
(349, 4, '7324670', '2018-11-12 10:29:20'),
(349, 5, '7324670', '2018-11-12 10:29:20'),
(349, 6, '7289677', '2018-11-15 16:05:53'),
(349, 7, '7289677', '2018-11-15 16:05:53'),
(349, 8, '7324670', '2018-11-12 10:29:20'),
(350, 2, '7371107', '2018-11-10 10:08:41'),
(350, 3, '7371107', '2018-11-10 10:08:41'),
(350, 4, '7371107', '2018-11-10 10:08:41'),
(350, 5, '7371107', '2018-11-10 10:08:41'),
(350, 6, '7392394', '2018-11-16 10:15:35'),
(350, 7, '7392394', '2018-11-16 10:15:35'),
(350, 8, '7371107', '2018-11-10 10:08:41'),
(351, 2, '7371107', '2018-11-10 10:07:08'),
(351, 3, '7371107', '2018-11-10 10:07:09'),
(351, 4, '7371107', '2018-11-10 10:07:09'),
(351, 5, '7371107', '2018-11-10 10:07:09'),
(351, 6, '7392394', '2018-11-16 10:17:24'),
(351, 7, '7392394', '2018-11-16 10:17:24'),
(351, 8, '7371107', '2018-11-10 10:07:09'),
(352, 2, '8531276', '2018-11-12 09:11:28'),
(352, 3, '8531276', '2018-11-12 09:11:28'),
(352, 4, '8531276', '2018-11-12 09:11:28'),
(352, 5, '8531276', '2018-11-12 09:11:28'),
(352, 6, '7392394', '2018-11-16 09:36:16'),
(352, 7, '7392394', '2018-11-16 09:36:16'),
(352, 8, '8531276', '2018-11-12 09:11:28'),
(353, 2, '7422831', '2018-11-12 09:09:02'),
(353, 3, '7422831', '2018-11-12 09:09:02'),
(353, 4, '7422831', '2018-11-12 09:09:02'),
(353, 5, '7422831', '2018-11-12 09:09:02'),
(353, 8, '7422831', '2018-11-12 09:09:02'),
(354, 2, '8531276', '2018-11-12 09:20:32'),
(354, 3, '8531276', '2018-11-12 09:20:32'),
(354, 4, '8531276', '2018-11-12 09:20:32'),
(354, 5, '8531276', '2018-11-12 09:20:32'),
(354, 6, '7374887', '2018-11-16 12:15:07'),
(354, 7, '7374887', '2018-11-16 12:15:07'),
(354, 8, '8531276', '2018-11-12 09:20:32'),
(355, 2, '7368225', '2018-11-16 11:37:52'),
(355, 3, '7368225', '2018-11-16 11:37:52'),
(355, 4, '7368225', '2018-11-16 11:37:52'),
(355, 5, '7368225', '2018-11-16 11:37:52'),
(355, 6, '7368225', '2018-11-16 11:37:52'),
(355, 7, '7368225', '2018-11-16 11:37:52'),
(355, 8, '7368225', '2018-11-16 11:37:52'),
(356, 2, '8531276', '2018-11-12 09:06:18'),
(356, 3, '8531276', '2018-11-12 09:06:18'),
(356, 4, '8531276', '2018-11-12 09:06:18'),
(356, 5, '8531276', '2018-11-12 09:06:18'),
(356, 8, '8531276', '2018-11-12 09:06:18'),
(357, 2, '7392394', '2018-11-10 10:32:10'),
(357, 3, '7392394', '2018-11-10 10:32:10'),
(357, 4, '7392394', '2018-11-10 10:32:10'),
(357, 5, '7392394', '2018-11-10 10:32:10'),
(357, 6, '7422831', '2018-11-16 10:06:36'),
(357, 7, '7422831', '2018-11-16 10:06:36'),
(357, 8, '7392394', '2018-11-10 10:32:10'),
(358, 2, '7324670', '2018-11-12 09:25:47'),
(358, 3, '7324670', '2018-11-12 09:25:47'),
(358, 4, '7324670', '2018-11-12 09:25:47'),
(358, 5, '7324670', '2018-11-12 09:25:47'),
(358, 6, '7289677', '2018-11-15 17:02:12'),
(358, 7, '7289677', '2018-11-15 17:02:12'),
(358, 8, '7324670', '2018-11-12 09:25:47'),
(359, 2, '7324670', '2018-11-12 09:27:13'),
(359, 3, '7324670', '2018-11-12 09:27:13'),
(359, 4, '7324670', '2018-11-12 09:27:13'),
(359, 5, '7324670', '2018-11-12 09:27:13'),
(359, 6, '8531276', '2018-11-15 17:02:54'),
(359, 7, '8531276', '2018-11-15 17:02:54'),
(359, 8, '7324670', '2018-11-12 09:27:13'),
(360, 2, '7324670', '2018-11-12 10:25:07'),
(360, 3, '7324670', '2018-11-12 10:25:07'),
(360, 4, '7324670', '2018-11-12 10:25:07'),
(360, 5, '7324670', '2018-11-12 10:25:07'),
(360, 6, '7368225', '2018-11-16 12:00:37'),
(360, 7, '7368225', '2018-11-16 12:00:37'),
(360, 8, '7324670', '2018-11-12 10:25:07'),
(361, 2, '7324670', '2018-11-12 09:02:43'),
(361, 3, '7324670', '2018-11-12 09:02:43'),
(361, 4, '7324670', '2018-11-12 09:02:43'),
(361, 5, '7324670', '2018-11-12 09:02:43'),
(361, 6, '8531276', '2018-11-16 11:42:26'),
(361, 7, '8531276', '2018-11-16 11:42:26'),
(361, 8, '7324670', '2018-11-12 09:02:43'),
(362, 2, '7324670', '2018-11-12 16:44:28'),
(362, 3, '7324670', '2018-11-12 16:44:28'),
(362, 4, '7324670', '2018-11-12 16:44:28'),
(362, 5, '7324670', '2018-11-14 16:12:49'),
(362, 6, '7371107', '2018-11-15 16:08:27'),
(362, 7, '7371107', '2018-11-15 16:08:27'),
(362, 8, '7324670', '2018-11-12 16:44:28'),
(363, 2, '7392394', '2018-11-12 11:55:32'),
(363, 3, '7392394', '2018-11-12 11:55:32'),
(363, 4, '7392394', '2018-11-12 11:55:32'),
(363, 5, '7392394', '2018-11-12 11:55:32'),
(363, 6, '7422831', '2018-11-15 16:43:17'),
(363, 7, '7422831', '2018-11-15 16:43:17'),
(363, 8, '7392394', '2018-11-12 11:55:32'),
(364, 2, '6717679', '2018-11-12 10:33:05'),
(364, 3, '6717679', '2018-11-12 10:33:05'),
(364, 4, '6717679', '2018-11-12 10:35:40'),
(364, 5, '6717679', '2018-11-12 10:36:04'),
(364, 8, '6717679', '2018-11-12 10:36:04'),
(365, 2, '7392394', '2018-11-10 10:16:29'),
(365, 3, '7392394', '2018-11-10 10:16:29'),
(365, 4, '7392394', '2018-11-10 10:16:29'),
(365, 5, '7392394', '2018-11-10 10:16:29'),
(365, 6, '7422831', '2018-11-16 11:13:38'),
(365, 7, '7422831', '2018-11-16 11:13:38'),
(365, 8, '7392394', '2018-11-10 10:16:29'),
(366, 2, '7392394', '2018-11-12 12:07:46'),
(366, 3, '7392394', '2018-11-12 12:07:46'),
(366, 4, '7392394', '2018-11-12 12:07:46'),
(366, 5, '7392394', '2018-11-12 12:07:46'),
(366, 6, '7422831', '2018-11-15 17:17:05'),
(366, 7, '7422831', '2018-11-15 17:17:05'),
(366, 8, '7392394', '2018-11-12 12:07:46'),
(367, 2, '8531276', '2018-11-12 12:06:09'),
(367, 3, '8531276', '2018-11-12 12:06:09'),
(367, 4, '8531276', '2018-11-12 12:06:09'),
(367, 5, '8531276', '2018-11-12 12:06:09'),
(367, 6, '7324670', '2018-11-15 17:22:08'),
(367, 7, '7324670', '2018-11-15 17:22:08'),
(367, 8, '8531276', '2018-11-12 12:06:09'),
(368, 2, '8531276', '2018-11-10 10:59:21'),
(368, 3, '8531276', '2018-11-10 10:59:21'),
(368, 4, '8531276', '2018-11-10 10:59:21'),
(368, 5, '8531276', '2018-11-10 10:59:21'),
(368, 6, '7289677', '2018-11-15 17:42:31'),
(368, 7, '7289677', '2018-11-15 17:42:31'),
(368, 8, '8531276', '2018-11-10 10:59:21'),
(369, 2, '7371107', '2018-11-12 15:59:49'),
(369, 3, '7371107', '2018-11-12 15:59:49'),
(369, 4, '7371107', '2018-11-12 15:59:49'),
(369, 5, '7289677', '2018-11-15 16:44:09'),
(369, 6, '7289677', '2018-11-15 16:44:09'),
(369, 7, '7289677', '2018-11-15 16:44:09'),
(369, 8, '7371107', '2018-11-12 15:59:49'),
(370, 2, '5747499', '2018-11-10 10:04:16'),
(370, 3, '5747499', '2018-11-10 10:04:16'),
(370, 4, '5747499', '2018-11-10 10:04:16'),
(370, 5, '5747499', '2018-11-10 10:04:16'),
(370, 6, '7374887', '2018-11-16 10:40:41'),
(370, 7, '7374887', '2018-11-16 10:40:41'),
(370, 8, '5747499', '2018-11-10 10:04:16'),
(371, 2, '8531276', '2018-11-12 11:25:43'),
(371, 3, '8531276', '2018-11-12 11:25:43'),
(371, 4, '8531276', '2018-11-12 11:25:43'),
(371, 5, '8531276', '2018-11-12 11:25:43'),
(371, 8, '8531276', '2018-11-12 11:25:43'),
(372, 2, '7324670', '2018-11-12 15:49:14'),
(372, 3, '7324670', '2018-11-12 15:49:14'),
(372, 4, '7324670', '2018-11-12 15:49:14'),
(372, 5, '7288367', '2018-11-15 10:26:49'),
(372, 8, '7324670', '2018-11-12 15:49:14'),
(373, 2, '7392394', '2018-11-10 10:12:41'),
(373, 3, '7392394', '2018-11-10 10:12:41'),
(373, 4, '7392394', '2018-11-10 10:12:41'),
(373, 5, '7392394', '2018-11-10 10:12:41'),
(373, 6, '7371107', '2018-11-15 16:33:47'),
(373, 7, '7371107', '2018-11-15 16:33:47'),
(373, 8, '7392394', '2018-11-10 10:12:41'),
(374, 2, '7324670', '2018-11-10 10:50:33'),
(374, 3, '7324670', '2018-11-10 10:50:33'),
(374, 4, '7324670', '2018-11-10 10:50:33'),
(374, 5, '7324670', '2018-11-10 10:50:33'),
(374, 6, '7371107', '2018-11-15 15:44:38'),
(374, 7, '7371107', '2018-11-15 15:44:38'),
(374, 8, '7324670', '2018-11-10 10:50:33'),
(375, 2, '8531276', '2018-11-10 10:27:09'),
(375, 3, '8531276', '2018-11-10 10:27:09'),
(375, 4, '8531276', '2018-11-10 10:27:09'),
(375, 5, '8531276', '2018-11-10 10:27:09'),
(375, 6, '8531276', '2018-11-15 16:08:42'),
(375, 7, '8531276', '2018-11-15 16:08:42'),
(375, 8, '8531276', '2018-11-10 10:27:09'),
(376, 2, '7324670', '2018-11-13 10:04:58'),
(376, 3, '7324670', '2018-11-13 10:04:58'),
(376, 4, '7324670', '2018-11-13 10:04:58'),
(376, 5, '10915224', '2018-11-15 10:37:09'),
(376, 6, '8531276', '2018-11-15 16:14:38'),
(376, 7, '8531276', '2018-11-15 16:14:38'),
(376, 8, '7324670', '2018-11-13 10:04:58'),
(377, 2, '7392394', '2018-11-12 12:06:06'),
(377, 3, '7392394', '2018-11-12 12:06:06'),
(377, 4, '7392394', '2018-11-12 12:06:06'),
(377, 5, '7392394', '2018-11-12 12:06:06'),
(377, 6, '7371107', '2018-11-15 16:15:16'),
(377, 7, '7371107', '2018-11-15 16:15:16'),
(377, 8, '7392394', '2018-11-12 12:06:06'),
(378, 2, '8531276', '2018-11-12 10:02:39'),
(378, 3, '8531276', '2018-11-12 10:02:39'),
(378, 4, '8531276', '2018-11-12 10:02:39'),
(378, 5, '8531276', '2018-11-12 10:02:39'),
(378, 8, '8531276', '2018-11-12 10:02:39'),
(379, 2, '7371107', '2018-11-10 10:49:21'),
(379, 3, '7371107', '2018-11-10 10:49:21'),
(379, 4, '7371107', '2018-11-10 10:49:21'),
(379, 5, '7371107', '2018-11-10 10:49:21'),
(379, 8, '7371107', '2018-11-10 10:49:21'),
(380, 2, '7288367', '2018-11-10 12:08:16'),
(380, 3, '7288367', '2018-11-10 12:08:16'),
(380, 4, '7288367', '2018-11-10 12:08:16'),
(380, 5, '7288367', '2018-11-10 12:08:16'),
(380, 6, '8531276', '2018-11-16 11:01:10'),
(380, 7, '8531276', '2018-11-16 11:01:10'),
(380, 8, '7288367', '2018-11-10 12:08:16'),
(381, 2, '7392394', '2018-11-10 12:08:33'),
(381, 3, '7392394', '2018-11-10 12:08:33'),
(381, 4, '7392394', '2018-11-10 12:08:33'),
(381, 5, '7392394', '2018-11-10 12:08:33');
INSERT INTO `materialinscripcion` (`idinscripcion`, `idmaterial`, `ci`, `fecha`) VALUES
(381, 6, '7422831', '2018-11-16 10:36:59'),
(381, 7, '7422831', '2018-11-16 10:36:59'),
(381, 8, '7392394', '2018-11-10 12:08:33'),
(382, 2, '7324670', '2018-11-10 10:30:30'),
(382, 3, '7324670', '2018-11-10 10:30:30'),
(382, 4, '7324670', '2018-11-10 10:30:30'),
(382, 5, '7324670', '2018-11-10 10:30:30'),
(382, 6, '7289677', '2018-11-15 17:41:37'),
(382, 7, '7289677', '2018-11-15 17:41:37'),
(382, 8, '7324670', '2018-11-10 10:30:30'),
(384, 2, '5747499', '2018-11-10 10:39:40'),
(384, 3, '5747499', '2018-11-10 10:39:40'),
(384, 4, '5747499', '2018-11-10 10:39:40'),
(384, 5, '5747499', '2018-11-10 10:39:40'),
(384, 6, '10915224', '2018-11-15 16:25:09'),
(384, 7, '10915224', '2018-11-15 16:25:09'),
(384, 8, '5747499', '2018-11-10 10:39:40'),
(385, 2, '8531276', '2018-11-12 09:49:43'),
(385, 3, '8531276', '2018-11-12 09:49:43'),
(385, 4, '8531276', '2018-11-12 09:49:43'),
(385, 5, '8531276', '2018-11-12 09:49:43'),
(385, 6, '7392394', '2018-11-16 09:41:57'),
(385, 7, '7392394', '2018-11-16 09:41:57'),
(385, 8, '8531276', '2018-11-12 09:49:43'),
(386, 2, '7324670', '2018-11-13 10:12:16'),
(386, 3, '7324670', '2018-11-13 10:12:16'),
(386, 4, '7324670', '2018-11-13 10:12:16'),
(386, 8, '7324670', '2018-11-13 10:12:16'),
(387, 2, '7371107', '2018-11-10 10:57:33'),
(387, 3, '7371107', '2018-11-10 10:57:33'),
(387, 4, '7371107', '2018-11-10 10:57:33'),
(387, 5, '7371107', '2018-11-10 10:57:33'),
(387, 6, '7324670', '2018-11-15 16:04:37'),
(387, 7, '7324670', '2018-11-15 16:04:37'),
(387, 8, '7371107', '2018-11-10 10:57:33'),
(388, 2, '8531276', '2018-11-12 09:46:12'),
(388, 3, '8531276', '2018-11-12 09:46:12'),
(388, 4, '8531276', '2018-11-12 09:46:12'),
(388, 5, '8531276', '2018-11-12 09:46:12'),
(388, 8, '8531276', '2018-11-12 09:46:12'),
(389, 2, '7324670', '2018-11-12 11:10:03'),
(389, 3, '7324670', '2018-11-12 11:10:03'),
(389, 4, '7324670', '2018-11-12 11:10:03'),
(389, 5, '7324670', '2018-11-12 11:10:03'),
(389, 6, '8531276', '2018-11-15 15:59:16'),
(389, 7, '8531276', '2018-11-15 15:59:16'),
(389, 8, '7324670', '2018-11-12 11:10:03'),
(390, 3, '7422831', '2018-11-16 11:26:48'),
(390, 4, '7422831', '2018-11-16 11:26:48'),
(390, 5, '7422831', '2018-11-16 11:26:48'),
(390, 6, '7422831', '2018-11-16 11:26:48'),
(390, 7, '7422831', '2018-11-16 11:26:48'),
(391, 2, '7324670', '2018-11-12 09:12:32'),
(391, 3, '7324670', '2018-11-12 09:12:32'),
(391, 4, '7324670', '2018-11-12 09:12:32'),
(391, 5, '7324670', '2018-11-12 09:12:32'),
(391, 6, '7368225', '2018-11-16 10:00:47'),
(391, 7, '7368225', '2018-11-16 10:00:47'),
(391, 8, '7324670', '2018-11-12 09:12:32'),
(392, 2, '7324670', '2018-11-14 10:27:05'),
(392, 3, '7324670', '2018-11-14 10:27:05'),
(392, 4, '7324670', '2018-11-14 10:27:05'),
(392, 5, '7324670', '2018-11-14 10:27:05'),
(392, 8, '7324670', '2018-11-14 10:27:06'),
(393, 2, '7392394', '2018-11-10 10:46:59'),
(393, 3, '7392394', '2018-11-10 10:46:59'),
(393, 4, '7392394', '2018-11-10 10:46:59'),
(393, 5, '7392394', '2018-11-10 10:46:59'),
(393, 6, '7371107', '2018-11-15 17:03:56'),
(393, 7, '7371107', '2018-11-15 17:03:56'),
(393, 8, '7392394', '2018-11-10 10:46:59'),
(394, 2, '7324670', '2018-11-13 09:46:55'),
(394, 3, '7324670', '2018-11-13 09:46:55'),
(394, 4, '7324670', '2018-11-13 09:46:55'),
(394, 5, '8531276', '2018-11-14 09:19:20'),
(394, 8, '7324670', '2018-11-13 09:46:55'),
(395, 2, '7324670', '2018-11-12 11:56:47'),
(395, 3, '7324670', '2018-11-12 11:56:48'),
(395, 4, '7324670', '2018-11-12 11:56:48'),
(395, 5, '7324670', '2018-11-12 11:56:48'),
(395, 8, '7324670', '2018-11-12 11:56:48'),
(396, 2, '8531276', '2018-11-10 10:17:25'),
(396, 3, '8531276', '2018-11-10 10:17:25'),
(396, 4, '8531276', '2018-11-10 10:17:25'),
(396, 5, '8531276', '2018-11-10 10:17:25'),
(396, 6, '8531276', '2018-11-16 09:22:25'),
(396, 7, '8531276', '2018-11-16 09:22:25'),
(396, 8, '8531276', '2018-11-10 10:17:25'),
(397, 2, '7371107', '2018-11-10 10:11:50'),
(397, 3, '7371107', '2018-11-10 10:11:50'),
(397, 4, '7371107', '2018-11-10 10:11:50'),
(397, 5, '7371107', '2018-11-10 10:11:50'),
(397, 6, '7324670', '2018-11-15 17:20:32'),
(397, 7, '7324670', '2018-11-15 17:20:32'),
(397, 8, '7371107', '2018-11-10 10:11:50'),
(398, 2, '7392394', '2018-11-12 16:18:13'),
(398, 3, '7392394', '2018-11-12 16:18:13'),
(398, 4, '7392394', '2018-11-12 16:18:13'),
(398, 5, '7371107', '2018-11-15 16:27:37'),
(398, 6, '7371107', '2018-11-15 16:27:37'),
(398, 7, '7371107', '2018-11-15 16:27:38'),
(398, 8, '7392394', '2018-11-12 16:18:13'),
(399, 2, '7392394', '2018-11-10 10:17:47'),
(399, 3, '7392394', '2018-11-10 10:17:47'),
(399, 4, '7392394', '2018-11-10 10:17:47'),
(399, 5, '7392394', '2018-11-10 10:17:47'),
(399, 6, '7422831', '2018-11-15 16:13:57'),
(399, 7, '7422831', '2018-11-15 16:13:57'),
(399, 8, '7392394', '2018-11-10 10:17:47'),
(400, 2, '7324670', '2018-11-12 09:35:02'),
(400, 3, '7324670', '2018-11-12 09:35:02'),
(400, 4, '7324670', '2018-11-12 09:35:02'),
(400, 5, '7324670', '2018-11-12 09:35:02'),
(400, 6, '7368225', '2018-11-16 10:59:22'),
(400, 7, '7368225', '2018-11-16 10:59:22'),
(400, 8, '7324670', '2018-11-12 09:35:02'),
(401, 2, '7288367', '2018-11-10 09:46:27'),
(401, 3, '7288367', '2018-11-10 09:46:27'),
(401, 4, '7288367', '2018-11-10 09:46:27'),
(401, 5, '7288367', '2018-11-10 09:46:27'),
(401, 6, '10915224', '2018-11-15 16:11:01'),
(401, 7, '10915224', '2018-11-15 16:11:01'),
(401, 8, '7288367', '2018-11-10 09:46:27'),
(402, 2, '7392394', '2018-11-10 10:18:59'),
(402, 3, '7392394', '2018-11-10 10:18:59'),
(402, 4, '7392394', '2018-11-10 10:18:59'),
(402, 5, '7392394', '2018-11-10 10:18:59'),
(402, 6, '7422831', '2018-11-15 16:16:17'),
(402, 7, '7422831', '2018-11-15 16:16:17'),
(402, 8, '7392394', '2018-11-10 10:18:59'),
(403, 2, '7324670', '2018-11-14 17:17:22'),
(403, 3, '7324670', '2018-11-14 17:17:22'),
(403, 4, '7324670', '2018-11-14 17:17:22'),
(403, 5, '7324670', '2018-11-14 17:17:22'),
(403, 8, '7324670', '2018-11-14 17:17:22'),
(404, 2, '7324670', '2018-11-12 09:31:12'),
(404, 3, '7324670', '2018-11-12 09:31:12'),
(404, 4, '7324670', '2018-11-12 09:31:12'),
(404, 5, '7324670', '2018-11-12 09:31:12'),
(404, 8, '7324670', '2018-11-12 09:31:12'),
(405, 2, '7371107', '2018-11-10 10:19:52'),
(405, 3, '7371107', '2018-11-10 10:19:52'),
(405, 4, '7371107', '2018-11-10 10:19:52'),
(405, 5, '7371107', '2018-11-10 10:19:52'),
(405, 8, '7371107', '2018-11-10 10:19:52'),
(406, 2, '8531276', '2018-11-12 10:43:26'),
(406, 3, '8531276', '2018-11-12 10:43:26'),
(406, 4, '8531276', '2018-11-12 10:43:27'),
(406, 5, '8531276', '2018-11-12 10:43:27'),
(406, 8, '8531276', '2018-11-12 10:43:27'),
(407, 2, '8531276', '2018-11-12 10:40:17'),
(407, 3, '8531276', '2018-11-12 10:40:17'),
(407, 4, '8531276', '2018-11-12 10:40:17'),
(407, 5, '8531276', '2018-11-12 10:40:17'),
(407, 8, '8531276', '2018-11-12 10:40:17'),
(408, 2, '7324670', '2018-11-10 10:10:14'),
(408, 3, '7324670', '2018-11-10 10:10:14'),
(408, 4, '7324670', '2018-11-10 10:10:14'),
(408, 5, '7324670', '2018-11-10 10:10:14'),
(408, 8, '7324670', '2018-11-10 10:10:14'),
(410, 2, '7324670', '2018-11-12 10:53:52'),
(410, 3, '7324670', '2018-11-12 10:53:52'),
(410, 4, '7324670', '2018-11-12 10:53:52'),
(410, 5, '7324670', '2018-11-12 10:53:52'),
(410, 6, '7289677', '2018-11-15 15:21:09'),
(410, 7, '7289677', '2018-11-15 15:21:09'),
(410, 8, '7324670', '2018-11-12 10:53:52'),
(411, 2, '7324670', '2018-11-14 15:19:29'),
(411, 3, '7324670', '2018-11-14 15:19:29'),
(411, 4, '7324670', '2018-11-14 15:19:30'),
(411, 5, '7324670', '2018-11-14 15:19:30'),
(411, 6, '7422831', '2018-11-15 17:11:01'),
(411, 7, '7422831', '2018-11-15 17:11:01'),
(411, 8, '7324670', '2018-11-14 15:19:30'),
(412, 2, '7324670', '2018-11-14 09:05:57'),
(412, 3, '7324670', '2018-11-14 09:05:57'),
(412, 4, '7324670', '2018-11-14 09:05:57'),
(412, 5, '7324670', '2018-11-14 09:05:57'),
(412, 8, '7324670', '2018-11-14 09:05:57'),
(413, 2, '7324670', '2018-11-12 11:17:43'),
(413, 3, '7324670', '2018-11-12 11:17:43'),
(413, 4, '7324670', '2018-11-12 11:17:43'),
(413, 5, '7324670', '2018-11-12 11:17:43'),
(413, 6, '7289677', '2018-11-15 15:24:24'),
(413, 7, '7289677', '2018-11-15 15:24:24'),
(413, 8, '7324670', '2018-11-12 11:17:43'),
(414, 2, '5747499', '2018-11-10 10:06:10'),
(414, 3, '5747499', '2018-11-10 10:06:10'),
(414, 4, '5747499', '2018-11-10 10:06:10'),
(414, 5, '5747499', '2018-11-10 10:06:10'),
(414, 6, '10915224', '2018-11-15 17:27:15'),
(414, 7, '10915224', '2018-11-15 17:27:15'),
(414, 8, '5747499', '2018-11-10 10:06:10'),
(415, 2, '7324670', '2018-11-12 10:35:55'),
(415, 3, '7324670', '2018-11-12 10:35:55'),
(415, 4, '7324670', '2018-11-12 10:35:55'),
(415, 5, '7324670', '2018-11-12 10:35:55'),
(415, 8, '7324670', '2018-11-12 10:35:55'),
(416, 2, '8531276', '2018-11-10 10:47:41'),
(416, 3, '8531276', '2018-11-10 10:47:41'),
(416, 4, '8531276', '2018-11-10 10:47:41'),
(416, 5, '8531276', '2018-11-10 10:47:41'),
(416, 8, '8531276', '2018-11-10 10:47:41'),
(417, 2, '5747499', '2018-11-10 10:37:51'),
(417, 3, '5747499', '2018-11-10 10:37:51'),
(417, 4, '5747499', '2018-11-10 10:37:51'),
(417, 5, '5747499', '2018-11-10 10:37:51'),
(417, 6, '10915224', '2018-11-15 16:05:25'),
(417, 7, '10915224', '2018-11-15 16:05:25'),
(417, 8, '5747499', '2018-11-10 10:37:51'),
(418, 2, '8531276', '2018-11-12 09:44:03'),
(418, 3, '8531276', '2018-11-12 09:44:03'),
(418, 4, '8531276', '2018-11-12 09:44:03'),
(418, 5, '8531276', '2018-11-12 09:44:03'),
(418, 8, '8531276', '2018-11-12 09:44:03'),
(419, 2, '7392394', '2018-11-12 10:52:49'),
(419, 3, '7392394', '2018-11-12 10:52:49'),
(419, 4, '7392394', '2018-11-12 10:52:49'),
(419, 5, '7392394', '2018-11-12 10:52:49'),
(419, 8, '7392394', '2018-11-12 10:52:49'),
(420, 2, '5747499', '2018-11-12 10:20:53'),
(420, 3, '5747499', '2018-11-12 10:20:53'),
(420, 4, '5747499', '2018-11-12 10:20:53'),
(420, 5, '5747499', '2018-11-12 10:20:53'),
(420, 8, '5747499', '2018-11-12 10:20:53'),
(421, 2, '7288367', '2018-11-12 14:58:07'),
(421, 3, '7288367', '2018-11-12 14:58:07'),
(421, 4, '7288367', '2018-11-12 14:58:07'),
(421, 5, '7281458', '2018-11-14 16:46:22'),
(421, 6, '10915224', '2018-11-15 16:06:30'),
(421, 7, '10915224', '2018-11-15 16:06:31'),
(421, 8, '7288367', '2018-11-12 14:58:07'),
(422, 2, '7324670', '2018-11-12 08:23:35'),
(422, 3, '7324670', '2018-11-12 08:23:35'),
(422, 4, '7324670', '2018-11-12 08:23:35'),
(422, 5, '7324670', '2018-11-12 08:23:35'),
(422, 8, '7324670', '2018-11-12 08:23:35'),
(423, 2, '5747499', '2018-11-12 10:29:53'),
(423, 3, '5747499', '2018-11-12 10:29:53'),
(423, 4, '5747499', '2018-11-12 10:29:53'),
(423, 5, '5747499', '2018-11-12 10:29:53'),
(423, 8, '5747499', '2018-11-12 10:29:53'),
(424, 2, '5747499', '2018-11-12 09:14:03'),
(424, 3, '5747499', '2018-11-12 09:14:03'),
(424, 4, '5747499', '2018-11-12 09:14:03'),
(424, 5, '5747499', '2018-11-12 09:14:03'),
(424, 8, '5747499', '2018-11-12 09:14:03'),
(425, 2, '5747499', '2018-11-12 09:26:08'),
(425, 3, '5747499', '2018-11-12 09:26:08'),
(425, 4, '5747499', '2018-11-12 09:26:08'),
(425, 5, '5747499', '2018-11-12 09:26:08'),
(425, 6, '7289677', '2018-11-15 16:42:27'),
(425, 7, '7289677', '2018-11-15 16:42:28'),
(425, 8, '5747499', '2018-11-12 09:26:08'),
(426, 2, '7371107', '2018-11-12 11:10:18'),
(426, 3, '7371107', '2018-11-12 11:10:18'),
(426, 4, '7371107', '2018-11-12 11:10:18'),
(426, 5, '7371107', '2018-11-12 11:10:18'),
(426, 6, '7371107', '2018-11-16 10:43:18'),
(426, 7, '7371107', '2018-11-16 10:43:18'),
(426, 8, '7371107', '2018-11-12 11:10:18'),
(427, 2, '7371107', '2018-11-12 09:07:01'),
(427, 3, '7371107', '2018-11-12 09:07:01'),
(427, 4, '7371107', '2018-11-12 09:07:01'),
(427, 5, '7371107', '2018-11-12 09:07:01'),
(427, 6, '7371107', '2018-11-16 09:50:25'),
(427, 7, '7371107', '2018-11-16 09:50:25'),
(427, 8, '7371107', '2018-11-12 09:07:01'),
(428, 2, '7288367', '2018-11-12 09:06:36'),
(428, 3, '7288367', '2018-11-12 09:06:36'),
(428, 4, '7288367', '2018-11-12 09:06:36'),
(428, 5, '7288367', '2018-11-12 09:06:36'),
(428, 6, '7422831', '2018-11-15 16:33:26'),
(428, 7, '7422831', '2018-11-15 16:33:26'),
(428, 8, '7288367', '2018-11-12 09:06:36'),
(429, 2, '7371107', '2018-11-12 09:22:52'),
(429, 3, '7371107', '2018-11-12 09:22:52'),
(429, 4, '7371107', '2018-11-12 09:22:52'),
(429, 5, '7371107', '2018-11-12 09:22:52'),
(429, 8, '7371107', '2018-11-12 09:22:52'),
(430, 2, '7371107', '2018-11-12 09:25:22'),
(430, 3, '7371107', '2018-11-12 09:25:22'),
(430, 4, '7371107', '2018-11-12 09:25:22'),
(430, 5, '7371107', '2018-11-12 09:25:22'),
(430, 8, '7371107', '2018-11-12 09:25:22'),
(432, 2, '5747499', '2018-11-12 09:08:00'),
(432, 3, '5747499', '2018-11-12 09:08:00'),
(432, 4, '5747499', '2018-11-12 09:08:00'),
(432, 5, '5747499', '2018-11-12 09:08:00'),
(432, 6, '8531276', '2018-11-16 09:15:03'),
(432, 7, '8531276', '2018-11-16 09:15:03'),
(432, 8, '5747499', '2018-11-12 09:08:00'),
(433, 2, '7371107', '2018-11-12 09:13:34'),
(433, 3, '7371107', '2018-11-12 09:13:34'),
(433, 4, '7371107', '2018-11-12 09:13:34'),
(433, 5, '7371107', '2018-11-12 09:13:34'),
(433, 6, '8531276', '2018-11-15 16:05:03'),
(433, 7, '8531276', '2018-11-15 16:05:03'),
(433, 8, '7371107', '2018-11-12 09:13:34'),
(435, 2, '7371107', '2018-11-12 09:41:13'),
(435, 3, '7371107', '2018-11-12 09:41:13'),
(435, 4, '7371107', '2018-11-12 09:41:13'),
(435, 5, '7371107', '2018-11-12 09:41:13'),
(435, 6, '7422831', '2018-11-16 10:52:43'),
(435, 7, '7422831', '2018-11-16 10:52:43'),
(435, 8, '7371107', '2018-11-12 09:41:13'),
(436, 2, '7371107', '2018-11-12 09:38:06'),
(436, 3, '7371107', '2018-11-12 09:38:06'),
(436, 4, '7371107', '2018-11-12 09:38:06'),
(436, 5, '7371107', '2018-11-12 09:38:06'),
(436, 8, '7371107', '2018-11-12 09:38:06'),
(437, 2, '7288367', '2018-11-12 09:44:08'),
(437, 3, '7288367', '2018-11-12 09:44:08'),
(437, 4, '7288367', '2018-11-12 09:44:08'),
(437, 5, '7288367', '2018-11-12 09:44:08'),
(437, 6, '7371107', '2018-11-15 16:21:24'),
(437, 7, '7371107', '2018-11-15 16:21:24'),
(437, 8, '7288367', '2018-11-12 09:44:08'),
(438, 2, '7371107', '2018-11-12 09:44:01'),
(438, 3, '7371107', '2018-11-12 09:44:01'),
(438, 4, '7371107', '2018-11-12 09:44:01'),
(438, 5, '7371107', '2018-11-12 09:44:01'),
(438, 8, '7371107', '2018-11-12 09:44:01'),
(439, 2, '7288367', '2018-11-12 09:46:30'),
(439, 3, '7288367', '2018-11-12 09:46:30'),
(439, 4, '7288367', '2018-11-12 09:46:30'),
(439, 5, '7288367', '2018-11-12 09:46:30'),
(439, 8, '7288367', '2018-11-12 09:46:30'),
(440, 2, '7371107', '2018-11-12 09:46:49'),
(440, 3, '7371107', '2018-11-12 09:46:49'),
(440, 4, '7371107', '2018-11-12 09:46:49'),
(440, 5, '7371107', '2018-11-12 09:46:49'),
(440, 8, '7371107', '2018-11-12 09:46:49'),
(441, 2, '5747499', '2018-11-12 09:47:45'),
(441, 3, '5747499', '2018-11-12 09:47:45'),
(441, 4, '5747499', '2018-11-12 09:47:45'),
(441, 5, '5747499', '2018-11-12 09:47:46'),
(441, 6, '7289677', '2018-11-15 16:03:13'),
(441, 7, '7289677', '2018-11-15 16:03:13'),
(441, 8, '5747499', '2018-11-12 09:47:46'),
(442, 2, '7371107', '2018-11-12 09:52:17'),
(442, 3, '7371107', '2018-11-12 09:52:17'),
(442, 4, '7371107', '2018-11-12 09:52:17'),
(442, 5, '7371107', '2018-11-12 09:52:17'),
(442, 8, '7371107', '2018-11-12 09:52:17'),
(443, 2, '7371107', '2018-11-12 09:58:53'),
(443, 3, '7371107', '2018-11-12 09:58:53'),
(443, 4, '7371107', '2018-11-12 09:58:53'),
(443, 5, '7371107', '2018-11-12 09:58:53'),
(443, 8, '7371107', '2018-11-12 09:58:53'),
(444, 2, '8531276', '2018-11-12 09:56:48'),
(444, 3, '8531276', '2018-11-12 09:56:48'),
(444, 4, '8531276', '2018-11-12 09:56:48'),
(444, 5, '8531276', '2018-11-12 09:56:48'),
(444, 8, '8531276', '2018-11-12 09:56:48'),
(445, 2, '7371107', '2018-11-12 10:01:22'),
(445, 3, '7371107', '2018-11-12 10:01:22'),
(445, 4, '7371107', '2018-11-12 10:01:22'),
(445, 5, '7371107', '2018-11-12 10:01:22'),
(445, 8, '7371107', '2018-11-12 10:01:22'),
(446, 2, '5747499', '2018-11-12 10:03:31'),
(446, 3, '5747499', '2018-11-12 10:03:31'),
(446, 4, '5747499', '2018-11-12 10:03:31'),
(446, 5, '5747499', '2018-11-12 10:03:31'),
(446, 8, '5747499', '2018-11-12 10:03:31'),
(447, 2, '5747499', '2018-11-12 10:00:34'),
(447, 3, '5747499', '2018-11-12 10:00:34'),
(447, 4, '5747499', '2018-11-12 10:00:34'),
(447, 5, '5747499', '2018-11-12 10:00:34'),
(447, 8, '5747499', '2018-11-12 10:00:34'),
(448, 2, '7371107', '2018-11-12 10:03:59'),
(448, 3, '7371107', '2018-11-12 10:03:59'),
(448, 4, '7371107', '2018-11-12 10:03:59'),
(448, 5, '7371107', '2018-11-12 10:03:59'),
(448, 8, '7371107', '2018-11-12 10:03:59'),
(449, 2, '5747499', '2018-11-12 10:05:15'),
(449, 3, '5747499', '2018-11-12 10:05:15'),
(449, 4, '5747499', '2018-11-12 10:05:15'),
(449, 5, '5747499', '2018-11-12 10:05:15'),
(449, 8, '5747499', '2018-11-12 10:05:15'),
(450, 2, '7324670', '2018-11-12 10:12:22'),
(450, 3, '7324670', '2018-11-12 10:12:22'),
(450, 4, '7324670', '2018-11-12 10:12:22'),
(450, 5, '7324670', '2018-11-12 10:12:22'),
(450, 6, '8531276', '2018-11-15 16:00:28'),
(450, 7, '8531276', '2018-11-15 16:00:29'),
(450, 8, '7324670', '2018-11-12 10:12:22'),
(451, 2, '7288367', '2018-11-12 11:16:49'),
(451, 3, '7288367', '2018-11-12 11:16:49'),
(451, 4, '7288367', '2018-11-12 11:16:49'),
(451, 5, '7288367', '2018-11-12 11:16:49'),
(451, 6, '7392394', '2018-11-16 11:56:01'),
(451, 7, '7392394', '2018-11-16 11:56:01'),
(451, 8, '7288367', '2018-11-12 11:16:49'),
(452, 2, '7371107', '2018-11-12 10:18:43'),
(452, 3, '7371107', '2018-11-12 10:18:43'),
(452, 4, '7371107', '2018-11-12 10:18:43'),
(452, 5, '7371107', '2018-11-12 10:18:44'),
(452, 6, '7392394', '2018-11-16 11:15:06'),
(452, 7, '7392394', '2018-11-16 11:15:06'),
(452, 8, '7371107', '2018-11-12 10:18:44'),
(453, 2, '5747499', '2018-11-13 16:44:10'),
(453, 3, '5747499', '2018-11-13 16:44:10'),
(453, 4, '5747499', '2018-11-13 16:44:10'),
(453, 5, '5747499', '2018-11-13 16:44:10'),
(453, 8, '5747499', '2018-11-13 16:44:10'),
(454, 2, '7288367', '2018-11-12 10:34:56'),
(454, 3, '7288367', '2018-11-12 10:34:56'),
(454, 4, '7288367', '2018-11-12 10:34:56'),
(454, 5, '7288367', '2018-11-12 10:34:56'),
(454, 8, '7288367', '2018-11-12 10:34:56'),
(455, 2, '7371107', '2018-11-12 10:34:08'),
(455, 3, '7371107', '2018-11-12 10:34:08'),
(455, 4, '7371107', '2018-11-12 10:34:08'),
(455, 5, '7371107', '2018-11-12 10:34:08'),
(455, 8, '7371107', '2018-11-12 10:34:08'),
(456, 2, '7422831', '2018-11-12 10:35:01'),
(456, 3, '7422831', '2018-11-12 10:35:01'),
(456, 4, '7422831', '2018-11-12 10:35:01'),
(456, 5, '7422831', '2018-11-12 10:35:01'),
(456, 6, '7422831', '2018-11-16 10:50:54'),
(456, 7, '7422831', '2018-11-16 10:50:54'),
(456, 8, '7422831', '2018-11-12 10:35:01'),
(457, 2, '7288367', '2018-11-12 10:40:55'),
(457, 3, '7288367', '2018-11-12 10:40:55'),
(457, 4, '7288367', '2018-11-12 10:40:55'),
(457, 5, '7288367', '2018-11-12 10:40:55'),
(457, 6, '8531276', '2018-11-16 09:04:00'),
(457, 7, '8531276', '2018-11-16 09:04:01'),
(457, 8, '7288367', '2018-11-12 10:40:55'),
(458, 2, '7371107', '2018-11-12 10:41:55'),
(458, 3, '7371107', '2018-11-12 10:41:55'),
(458, 4, '7371107', '2018-11-12 10:41:55'),
(458, 5, '7371107', '2018-11-12 10:41:55'),
(458, 8, '7371107', '2018-11-12 10:41:55'),
(459, 2, '7288367', '2018-11-12 10:42:54'),
(459, 3, '7288367', '2018-11-12 10:42:54'),
(459, 4, '7288367', '2018-11-12 10:42:54'),
(459, 5, '7288367', '2018-11-12 10:42:54'),
(459, 8, '7288367', '2018-11-12 10:42:54'),
(460, 2, '7288367', '2018-11-12 10:44:18'),
(460, 3, '7288367', '2018-11-12 10:44:18'),
(460, 4, '7288367', '2018-11-12 10:44:18'),
(460, 5, '7288367', '2018-11-12 10:44:18'),
(460, 8, '7288367', '2018-11-12 10:44:18'),
(461, 2, '7371107', '2018-11-12 10:44:28'),
(461, 3, '7371107', '2018-11-12 10:44:28'),
(461, 4, '7371107', '2018-11-12 10:44:28'),
(461, 5, '7371107', '2018-11-12 10:44:28'),
(461, 8, '7371107', '2018-11-12 10:44:28'),
(462, 2, '7288367', '2018-11-12 10:54:12'),
(462, 3, '7288367', '2018-11-12 10:54:12'),
(462, 4, '7288367', '2018-11-12 10:54:12'),
(462, 5, '7288367', '2018-11-12 10:54:12'),
(462, 8, '7288367', '2018-11-12 10:54:12'),
(463, 2, '7392394', '2018-11-12 10:54:04'),
(463, 3, '7392394', '2018-11-12 10:54:04'),
(463, 4, '7392394', '2018-11-12 10:54:04'),
(463, 5, '7392394', '2018-11-12 10:54:04'),
(463, 6, '7371107', '2018-11-15 16:24:04'),
(463, 7, '7371107', '2018-11-15 16:24:04'),
(463, 8, '7392394', '2018-11-12 10:54:04'),
(464, 2, '7288367', '2018-11-12 11:01:15'),
(464, 3, '7288367', '2018-11-12 11:01:15'),
(464, 4, '7288367', '2018-11-12 11:01:15'),
(464, 5, '7288367', '2018-11-12 11:01:15'),
(464, 6, '7422831', '2018-11-15 17:25:36'),
(464, 7, '7422831', '2018-11-15 17:25:36'),
(464, 8, '7288367', '2018-11-12 11:01:15'),
(465, 2, '5747499', '2018-11-12 11:01:49'),
(465, 3, '5747499', '2018-11-12 11:01:49'),
(465, 4, '5747499', '2018-11-12 11:01:49'),
(465, 5, '5747499', '2018-11-12 11:01:49'),
(465, 8, '5747499', '2018-11-12 11:01:50'),
(466, 2, '8531276', '2018-11-12 11:04:10'),
(466, 3, '8531276', '2018-11-12 11:04:10'),
(466, 4, '8531276', '2018-11-12 11:04:10'),
(466, 5, '8531276', '2018-11-12 11:04:10'),
(466, 8, '8531276', '2018-11-12 11:04:10'),
(467, 2, '7371107', '2018-11-12 11:02:09'),
(467, 3, '7371107', '2018-11-12 11:02:09'),
(467, 4, '7371107', '2018-11-12 11:02:09'),
(467, 5, '7371107', '2018-11-12 11:02:09'),
(467, 6, '7392394', '2018-11-16 12:10:51'),
(467, 7, '7392394', '2018-11-16 12:10:51'),
(467, 8, '7371107', '2018-11-12 11:02:09'),
(468, 2, '7288367', '2018-11-12 11:02:55'),
(468, 3, '7288367', '2018-11-12 11:02:55'),
(468, 4, '7288367', '2018-11-12 11:02:56'),
(468, 5, '7288367', '2018-11-12 11:02:56'),
(468, 8, '7288367', '2018-11-12 11:02:56'),
(469, 2, '5747499', '2018-11-12 11:03:49'),
(469, 3, '5747499', '2018-11-12 11:03:49'),
(469, 4, '5747499', '2018-11-12 11:03:49'),
(469, 5, '5747499', '2018-11-12 11:03:49'),
(469, 6, '10915224', '2018-11-15 15:48:51'),
(469, 7, '10915224', '2018-11-15 15:48:51'),
(469, 8, '5747499', '2018-11-12 11:03:49'),
(470, 2, '7371107', '2018-11-12 11:04:01'),
(470, 3, '7371107', '2018-11-12 11:04:01'),
(470, 4, '7371107', '2018-11-12 11:04:01'),
(470, 5, '7371107', '2018-11-12 11:04:01'),
(470, 8, '7371107', '2018-11-12 11:04:01'),
(471, 2, '5747499', '2018-11-12 11:05:48'),
(471, 3, '5747499', '2018-11-12 11:05:48'),
(471, 4, '5747499', '2018-11-12 11:05:48'),
(471, 5, '5747499', '2018-11-12 11:05:48'),
(471, 6, '7371107', '2018-11-16 09:11:48'),
(471, 7, '7371107', '2018-11-16 09:11:48'),
(471, 8, '5747499', '2018-11-12 11:05:48'),
(472, 2, '7371107', '2018-11-12 11:11:33'),
(472, 3, '7371107', '2018-11-12 11:11:33'),
(472, 4, '7371107', '2018-11-12 11:11:33'),
(472, 5, '7371107', '2018-11-12 11:11:33'),
(472, 8, '7371107', '2018-11-12 11:11:34'),
(473, 2, '5747499', '2018-11-12 11:12:06'),
(473, 3, '5747499', '2018-11-12 11:12:06'),
(473, 4, '5747499', '2018-11-12 11:12:06'),
(473, 5, '5747499', '2018-11-12 11:12:06'),
(473, 6, '7371107', '2018-11-15 16:31:06'),
(473, 7, '7371107', '2018-11-15 16:31:06'),
(473, 8, '5747499', '2018-11-12 11:12:06'),
(474, 2, '7371107', '2018-11-12 11:13:33'),
(474, 3, '7371107', '2018-11-12 11:13:33'),
(474, 4, '7371107', '2018-11-12 11:13:33'),
(474, 5, '7371107', '2018-11-12 11:13:33'),
(474, 6, '8531276', '2018-11-16 10:20:55'),
(474, 7, '8531276', '2018-11-16 10:20:55'),
(474, 8, '7371107', '2018-11-12 11:13:33'),
(475, 2, '7288367', '2018-11-12 11:14:23'),
(475, 3, '7288367', '2018-11-12 11:14:23'),
(475, 4, '7288367', '2018-11-12 11:14:23'),
(475, 5, '7288367', '2018-11-12 11:14:23'),
(475, 8, '7288367', '2018-11-12 11:14:23'),
(476, 2, '7371107', '2018-11-12 11:17:29'),
(476, 3, '7371107', '2018-11-12 11:17:29'),
(476, 4, '7371107', '2018-11-12 11:17:30'),
(476, 5, '7371107', '2018-11-12 11:17:30'),
(476, 8, '7371107', '2018-11-12 11:17:30'),
(477, 2, '7371107', '2018-11-12 11:25:07'),
(477, 3, '7371107', '2018-11-12 11:25:07'),
(477, 4, '7371107', '2018-11-12 11:25:07'),
(477, 5, '7371107', '2018-11-12 11:25:07'),
(477, 8, '7371107', '2018-11-12 11:25:07'),
(478, 2, '7289677', '2018-11-13 09:40:58'),
(478, 3, '7289677', '2018-11-13 09:40:58'),
(478, 4, '7289677', '2018-11-13 09:40:58'),
(478, 5, '7371107', '2018-11-16 10:20:29'),
(478, 6, '7371107', '2018-11-16 10:20:30'),
(478, 7, '7371107', '2018-11-16 10:20:30'),
(478, 8, '7289677', '2018-11-13 09:40:58'),
(479, 2, '7288367', '2018-11-12 11:43:33'),
(479, 3, '7288367', '2018-11-12 11:43:33'),
(479, 4, '7288367', '2018-11-12 11:43:33'),
(479, 5, '7288367', '2018-11-12 11:43:33'),
(479, 8, '7288367', '2018-11-12 11:43:33'),
(480, 2, '7371107', '2018-11-12 11:49:45'),
(480, 3, '7371107', '2018-11-12 11:49:45'),
(480, 4, '7371107', '2018-11-12 11:49:45'),
(480, 5, '7371107', '2018-11-12 11:49:45'),
(480, 6, '7371107', '2018-11-15 16:25:02'),
(480, 7, '7371107', '2018-11-15 16:25:02'),
(480, 8, '7371107', '2018-11-12 11:49:45'),
(481, 2, '7288367', '2018-11-12 11:49:44'),
(481, 3, '7288367', '2018-11-12 11:49:44'),
(481, 4, '7288367', '2018-11-12 11:49:44'),
(481, 5, '7288367', '2018-11-12 11:49:44'),
(481, 6, '8531276', '2018-11-15 15:56:39'),
(481, 7, '8531276', '2018-11-15 15:56:39'),
(481, 8, '7288367', '2018-11-12 11:49:44'),
(482, 2, '7288367', '2018-11-12 11:53:02'),
(482, 3, '7288367', '2018-11-12 11:53:02'),
(482, 4, '7288367', '2018-11-12 11:53:02'),
(482, 5, '7288367', '2018-11-12 11:53:02'),
(482, 8, '7288367', '2018-11-12 11:53:02'),
(483, 2, '5747499', '2018-11-12 11:56:11'),
(483, 3, '5747499', '2018-11-12 11:56:11'),
(483, 4, '5747499', '2018-11-12 11:56:11'),
(483, 5, '5747499', '2018-11-12 11:56:11'),
(483, 8, '5747499', '2018-11-12 11:56:11'),
(484, 2, '7392394', '2018-11-12 11:56:43'),
(484, 3, '7392394', '2018-11-12 11:56:43'),
(484, 4, '7392394', '2018-11-12 11:56:43'),
(484, 5, '7392394', '2018-11-12 11:56:43'),
(484, 8, '7392394', '2018-11-12 11:56:43'),
(485, 2, '7288367', '2018-11-12 15:45:46'),
(485, 3, '7288367', '2018-11-12 15:45:46'),
(485, 4, '7288367', '2018-11-12 15:45:46'),
(485, 5, '7288367', '2018-11-15 11:40:33'),
(485, 8, '7288367', '2018-11-12 15:45:46'),
(486, 2, '7288367', '2018-11-12 12:59:24'),
(486, 3, '7288367', '2018-11-12 12:59:24'),
(486, 4, '7288367', '2018-11-12 12:59:24'),
(486, 5, '7288367', '2018-11-12 12:59:24'),
(486, 6, '7371107', '2018-11-16 11:49:35'),
(486, 7, '7371107', '2018-11-16 11:49:35'),
(486, 8, '7288367', '2018-11-12 12:59:24'),
(487, 2, '7371107', '2018-11-12 13:29:18'),
(487, 3, '7371107', '2018-11-12 13:29:18'),
(487, 4, '7371107', '2018-11-12 13:29:18'),
(487, 5, '7371107', '2018-11-12 13:29:18'),
(487, 8, '7371107', '2018-11-12 13:29:18'),
(488, 2, '5747499', '2018-11-12 14:58:48'),
(488, 3, '5747499', '2018-11-12 14:58:48'),
(488, 4, '5747499', '2018-11-12 14:58:48'),
(488, 8, '5747499', '2018-11-12 14:58:48'),
(489, 2, '7371107', '2018-11-12 13:44:49'),
(489, 3, '7371107', '2018-11-12 13:44:49'),
(489, 4, '7371107', '2018-11-12 13:44:49'),
(489, 5, '7371107', '2018-11-12 13:44:49'),
(489, 8, '7371107', '2018-11-12 13:44:49'),
(490, 2, '7371107', '2018-11-12 14:32:47'),
(490, 3, '7371107', '2018-11-12 14:32:47'),
(490, 4, '7371107', '2018-11-12 14:32:47'),
(490, 5, '7371107', '2018-11-12 14:32:47'),
(490, 8, '7371107', '2018-11-12 14:32:47'),
(491, 2, '7288367', '2018-11-12 14:28:23'),
(491, 3, '7288367', '2018-11-12 14:28:23'),
(491, 4, '7288367', '2018-11-12 14:28:23'),
(491, 5, '7288367', '2018-11-12 14:28:23'),
(491, 6, '7289677', '2018-11-15 17:27:26'),
(491, 7, '7289677', '2018-11-15 17:27:26'),
(491, 8, '7288367', '2018-11-12 14:28:23'),
(492, 2, '7288367', '2018-11-12 14:31:33'),
(492, 3, '7288367', '2018-11-12 14:31:33'),
(492, 4, '7288367', '2018-11-12 14:31:33'),
(492, 5, '7288367', '2018-11-15 11:45:55'),
(492, 8, '7288367', '2018-11-12 14:31:33'),
(493, 2, '7371107', '2018-11-12 14:38:19'),
(493, 3, '7371107', '2018-11-12 14:38:19'),
(493, 4, '7371107', '2018-11-12 14:38:19'),
(493, 5, '7281458', '2018-11-14 15:23:08'),
(493, 6, '7392394', '2018-11-16 12:07:38'),
(493, 7, '7392394', '2018-11-16 12:07:38'),
(493, 8, '7371107', '2018-11-12 14:38:19'),
(494, 2, '7288367', '2018-11-12 14:38:30'),
(494, 3, '7288367', '2018-11-12 14:38:30'),
(494, 4, '7288367', '2018-11-12 14:38:30'),
(494, 5, '7289677', '2018-11-15 16:27:09'),
(494, 6, '7289677', '2018-11-15 16:27:10'),
(494, 7, '7289677', '2018-11-15 16:27:10'),
(494, 8, '7288367', '2018-11-12 14:38:30'),
(495, 2, '7288367', '2018-11-12 14:39:58'),
(495, 3, '7288367', '2018-11-12 14:39:58'),
(495, 4, '7288367', '2018-11-12 14:39:58'),
(495, 5, '7288367', '2018-11-15 11:44:17'),
(495, 6, '7392394', '2018-11-16 12:09:06'),
(495, 7, '7392394', '2018-11-16 12:09:06'),
(495, 8, '7288367', '2018-11-12 14:39:58'),
(496, 2, '7371107', '2018-11-12 14:41:15'),
(496, 3, '7371107', '2018-11-12 14:41:15'),
(496, 4, '7371107', '2018-11-12 14:41:15'),
(496, 8, '7371107', '2018-11-12 14:41:15'),
(497, 2, '7371107', '2018-11-12 14:44:13'),
(497, 3, '7371107', '2018-11-12 14:44:13'),
(497, 4, '7371107', '2018-11-12 14:44:13'),
(497, 5, '8531276', '2018-11-14 10:43:48'),
(497, 6, '7324670', '2018-11-15 16:19:24'),
(497, 7, '7324670', '2018-11-15 16:19:24'),
(497, 8, '7371107', '2018-11-12 14:44:13'),
(498, 2, '7371107', '2018-11-12 14:51:54'),
(498, 3, '7371107', '2018-11-12 14:51:54'),
(498, 4, '7371107', '2018-11-12 14:51:54'),
(498, 5, '7324670', '2018-11-14 15:29:02'),
(498, 6, '8531276', '2018-11-15 16:17:01'),
(498, 7, '8531276', '2018-11-15 16:17:01'),
(498, 8, '7371107', '2018-11-12 14:51:54'),
(499, 2, '7288367', '2018-11-12 14:52:05'),
(499, 3, '7288367', '2018-11-12 14:52:05'),
(499, 4, '7288367', '2018-11-12 14:52:05'),
(499, 5, '7324670', '2018-11-14 16:36:51'),
(499, 8, '7288367', '2018-11-12 14:52:05'),
(500, 2, '5747499', '2018-11-12 14:53:38'),
(500, 3, '5747499', '2018-11-12 14:53:38'),
(500, 4, '5747499', '2018-11-12 14:53:38'),
(500, 8, '5747499', '2018-11-12 14:53:38'),
(501, 2, '7288367', '2018-11-12 15:02:48'),
(501, 3, '7288367', '2018-11-12 15:02:48'),
(501, 4, '7288367', '2018-11-12 15:02:48'),
(501, 5, '10915224', '2018-11-15 15:16:06'),
(501, 6, '10915224', '2018-11-15 15:16:06'),
(501, 7, '10915224', '2018-11-15 15:16:06'),
(501, 8, '7288367', '2018-11-12 15:02:48'),
(502, 2, '7288367', '2018-11-12 15:12:49'),
(502, 3, '7288367', '2018-11-12 15:12:49'),
(502, 4, '7288367', '2018-11-12 15:12:49'),
(502, 8, '7288367', '2018-11-12 15:12:49'),
(503, 2, '7371107', '2018-11-12 15:11:03'),
(503, 3, '7371107', '2018-11-12 15:11:03'),
(503, 4, '7371107', '2018-11-12 15:11:03'),
(503, 5, '7371107', '2018-11-12 15:11:03'),
(503, 6, '7422831', '2018-11-15 16:55:45'),
(503, 7, '7422831', '2018-11-15 16:55:45'),
(503, 8, '7371107', '2018-11-12 15:11:03'),
(504, 2, '7288367', '2018-11-12 15:21:23'),
(504, 3, '7288367', '2018-11-12 15:21:23'),
(504, 4, '7288367', '2018-11-12 15:21:23'),
(504, 8, '7288367', '2018-11-12 15:21:23'),
(505, 2, '5747499', '2018-11-12 15:38:29'),
(505, 3, '5747499', '2018-11-12 15:38:29'),
(505, 4, '5747499', '2018-11-12 15:38:29'),
(505, 8, '5747499', '2018-11-12 15:38:29'),
(506, 2, '7371107', '2018-11-12 15:40:11'),
(506, 3, '7371107', '2018-11-12 15:40:11'),
(506, 4, '7371107', '2018-11-12 15:40:11'),
(506, 8, '7371107', '2018-11-12 15:40:11'),
(507, 2, '7288367', '2018-11-12 15:43:39'),
(507, 3, '7288367', '2018-11-12 15:43:39'),
(507, 4, '7288367', '2018-11-12 15:43:39'),
(507, 5, '10915224', '2018-11-15 11:20:41'),
(507, 6, '7392394', '2018-11-16 11:07:05'),
(507, 7, '7392394', '2018-11-16 11:07:05'),
(507, 8, '7288367', '2018-11-12 15:43:39'),
(508, 2, '7371107', '2018-11-12 15:46:32'),
(508, 3, '7371107', '2018-11-12 15:46:32'),
(508, 4, '7371107', '2018-11-12 15:46:32'),
(508, 5, '7288367', '2018-11-15 10:03:04'),
(508, 6, '7289677', '2018-11-15 16:00:13'),
(508, 7, '7289677', '2018-11-15 16:00:14'),
(508, 8, '7371107', '2018-11-12 15:46:32'),
(509, 2, '7288367', '2018-11-12 15:50:32'),
(509, 3, '7288367', '2018-11-12 15:50:32'),
(509, 4, '7288367', '2018-11-12 15:50:32'),
(509, 5, '7324670', '2018-11-14 16:38:56'),
(509, 6, '7289677', '2018-11-15 15:58:21'),
(509, 7, '7289677', '2018-11-15 15:58:21'),
(509, 8, '7288367', '2018-11-12 15:50:32'),
(510, 2, '7288367', '2018-11-12 15:53:06'),
(510, 3, '7288367', '2018-11-12 15:53:06'),
(510, 4, '7288367', '2018-11-12 15:53:06'),
(510, 5, '7288367', '2018-11-15 10:03:25'),
(510, 8, '7288367', '2018-11-12 15:53:06'),
(511, 2, '5747499', '2018-11-12 16:17:18'),
(511, 3, '5747499', '2018-11-12 16:17:18'),
(511, 4, '5747499', '2018-11-12 16:17:18'),
(511, 5, '7324670', '2018-11-14 16:05:51'),
(511, 8, '5747499', '2018-11-12 16:17:18'),
(512, 2, '7288367', '2018-11-12 16:15:36'),
(512, 3, '7288367', '2018-11-12 16:15:36'),
(512, 4, '7288367', '2018-11-12 16:15:36'),
(512, 5, '7368225', '2018-11-16 10:27:51'),
(512, 6, '7368225', '2018-11-16 10:26:56'),
(512, 7, '7368225', '2018-11-16 10:26:56'),
(512, 8, '7288367', '2018-11-12 16:15:36'),
(513, 2, '7371107', '2018-11-12 16:50:10'),
(513, 3, '7371107', '2018-11-12 16:50:10'),
(513, 4, '7371107', '2018-11-12 16:50:10'),
(513, 5, '7422831', '2018-11-15 16:03:38'),
(513, 6, '7422831', '2018-11-15 16:03:39'),
(513, 7, '7422831', '2018-11-15 16:03:39'),
(513, 8, '7371107', '2018-11-12 16:50:10'),
(514, 2, '7288367', '2018-11-12 16:50:08'),
(514, 3, '7288367', '2018-11-12 16:50:08'),
(514, 4, '7288367', '2018-11-12 16:50:08'),
(514, 8, '7288367', '2018-11-12 16:50:08'),
(515, 2, '7371107', '2018-11-12 16:52:31'),
(515, 3, '7371107', '2018-11-12 16:52:31'),
(515, 4, '7371107', '2018-11-12 16:52:31'),
(515, 5, '7288367', '2018-11-15 11:43:24'),
(515, 6, '7289677', '2018-11-15 16:22:26'),
(515, 7, '7289677', '2018-11-15 16:22:26'),
(515, 8, '7371107', '2018-11-12 16:52:31'),
(516, 2, '7324670', '2018-11-14 11:51:57'),
(516, 3, '7324670', '2018-11-14 11:51:57'),
(516, 4, '7324670', '2018-11-14 11:51:57'),
(516, 5, '7324670', '2018-11-14 11:51:57'),
(516, 6, '8531276', '2018-11-16 11:32:42'),
(516, 7, '8531276', '2018-11-16 11:32:42'),
(516, 8, '7324670', '2018-11-14 11:51:57'),
(517, 2, '7289677', '2018-11-13 09:20:00'),
(517, 3, '7289677', '2018-11-13 09:20:00'),
(517, 4, '7289677', '2018-11-13 09:20:00'),
(517, 5, '7288367', '2018-11-15 11:42:24'),
(517, 8, '7289677', '2018-11-13 09:20:00'),
(518, 2, '7324670', '2018-11-14 11:54:00'),
(518, 3, '7324670', '2018-11-14 11:54:00'),
(518, 4, '7324670', '2018-11-14 11:54:00'),
(518, 5, '7324670', '2018-11-14 11:54:00'),
(518, 6, '7368225', '2018-11-16 11:39:57'),
(518, 7, '7368225', '2018-11-16 11:39:57'),
(518, 8, '7324670', '2018-11-14 11:54:00'),
(519, 2, '7324670', '2018-11-14 11:48:50'),
(519, 3, '7324670', '2018-11-14 11:48:50'),
(519, 4, '7324670', '2018-11-14 11:48:50'),
(519, 5, '7324670', '2018-11-14 11:48:50'),
(519, 6, '8531276', '2018-11-16 11:35:26'),
(519, 7, '8531276', '2018-11-16 11:35:26'),
(519, 8, '7324670', '2018-11-14 11:48:50'),
(520, 2, '7289677', '2018-11-13 09:05:36'),
(520, 3, '7289677', '2018-11-13 09:05:37'),
(520, 4, '7289677', '2018-11-13 09:05:37'),
(520, 5, '5747499', '2018-11-15 10:49:33'),
(520, 8, '7289677', '2018-11-13 09:05:37'),
(521, 2, '7289677', '2018-11-13 09:18:37'),
(521, 3, '7289677', '2018-11-13 09:18:37'),
(521, 4, '7289677', '2018-11-13 09:18:37'),
(521, 5, '7374887', '2018-11-16 12:12:36'),
(521, 6, '7374887', '2018-11-16 12:12:36'),
(521, 7, '7374887', '2018-11-16 12:12:36'),
(521, 8, '7289677', '2018-11-13 09:18:37'),
(522, 2, '7288367', '2018-11-13 10:04:51'),
(522, 3, '7288367', '2018-11-13 10:04:51'),
(522, 4, '7288367', '2018-11-13 10:04:51'),
(522, 8, '7288367', '2018-11-13 10:04:51'),
(523, 2, '7289677', '2018-11-13 10:10:35'),
(523, 3, '7289677', '2018-11-13 10:10:36'),
(523, 4, '7289677', '2018-11-13 10:10:36'),
(523, 5, '7288367', '2018-11-15 10:50:41'),
(523, 8, '7289677', '2018-11-13 10:10:36'),
(524, 2, '7289677', '2018-11-13 10:17:55'),
(524, 3, '7289677', '2018-11-13 10:17:55'),
(524, 4, '7289677', '2018-11-13 10:17:55'),
(524, 5, '7289677', '2018-11-13 10:17:55'),
(524, 6, '5747499', '2018-11-15 10:21:31'),
(524, 7, '5747499', '2018-11-15 10:21:31'),
(524, 8, '7289677', '2018-11-13 10:17:55'),
(525, 2, '7288367', '2018-11-13 10:17:54'),
(525, 3, '7288367', '2018-11-13 10:17:54'),
(525, 4, '7288367', '2018-11-13 10:17:54'),
(525, 5, '7288367', '2018-11-13 10:17:54'),
(525, 6, '7422831', '2018-11-15 10:23:48'),
(525, 7, '7422831', '2018-11-15 10:23:48'),
(525, 8, '7288367', '2018-11-13 10:17:54'),
(526, 2, '7288367', '2018-11-13 10:20:10'),
(526, 3, '7288367', '2018-11-13 10:20:10'),
(526, 4, '7288367', '2018-11-13 10:20:10'),
(526, 5, '7288367', '2018-11-13 10:20:10'),
(526, 6, '5747499', '2018-11-15 10:24:42'),
(526, 7, '5747499', '2018-11-15 10:24:42'),
(526, 8, '7288367', '2018-11-13 10:20:10'),
(527, 2, '7289677', '2018-11-13 10:27:28'),
(527, 3, '7289677', '2018-11-13 10:27:28'),
(527, 4, '7289677', '2018-11-13 10:27:28'),
(527, 5, '7289677', '2018-11-13 10:27:28'),
(527, 6, '7422831', '2018-11-15 10:21:50'),
(527, 7, '7422831', '2018-11-15 10:21:51'),
(527, 8, '7289677', '2018-11-13 10:27:28'),
(528, 2, '7288367', '2018-11-13 10:21:53'),
(528, 3, '7288367', '2018-11-13 10:21:53'),
(528, 4, '7288367', '2018-11-13 10:21:53'),
(528, 5, '7288367', '2018-11-13 10:21:53'),
(528, 6, '8531276', '2018-11-15 10:21:58'),
(528, 7, '8531276', '2018-11-15 10:21:58'),
(528, 8, '7288367', '2018-11-13 10:21:53'),
(529, 2, '7289677', '2018-11-13 10:22:26'),
(529, 3, '7289677', '2018-11-13 10:22:26'),
(529, 4, '7289677', '2018-11-13 10:22:26'),
(529, 5, '7289677', '2018-11-13 10:22:26'),
(529, 6, '8531276', '2018-11-15 10:23:57'),
(529, 7, '8531276', '2018-11-15 10:23:57'),
(529, 8, '7289677', '2018-11-13 10:22:26'),
(530, 2, '7288367', '2018-11-13 10:25:33'),
(530, 3, '7288367', '2018-11-13 10:25:33'),
(530, 4, '7288367', '2018-11-13 10:25:33'),
(530, 5, '7288367', '2018-11-13 10:25:33'),
(530, 6, '7371107', '2018-11-15 10:22:24'),
(530, 7, '7371107', '2018-11-15 10:22:24'),
(530, 8, '7288367', '2018-11-13 10:25:33'),
(531, 2, '7289677', '2018-11-13 10:25:35'),
(531, 3, '7289677', '2018-11-13 10:25:35'),
(531, 4, '7289677', '2018-11-13 10:25:35'),
(531, 5, '7289677', '2018-11-13 10:25:35'),
(531, 6, '7371107', '2018-11-15 10:23:57'),
(531, 7, '7371107', '2018-11-15 10:23:57'),
(531, 8, '7289677', '2018-11-13 10:25:35'),
(532, 2, '7288367', '2018-11-13 10:32:32'),
(532, 3, '7288367', '2018-11-13 10:32:32'),
(532, 4, '7288367', '2018-11-13 10:32:32'),
(532, 5, '7288367', '2018-11-13 10:32:32'),
(532, 6, '10915224', '2018-11-15 10:22:03'),
(532, 7, '10915224', '2018-11-15 10:22:03'),
(532, 8, '7288367', '2018-11-13 10:32:32'),
(533, 2, '7288367', '2018-11-13 10:27:09'),
(533, 3, '7288367', '2018-11-13 10:27:09'),
(533, 4, '7288367', '2018-11-13 10:27:09'),
(533, 5, '7288367', '2018-11-13 10:27:09'),
(533, 6, '10915224', '2018-11-15 10:23:59'),
(533, 7, '10915224', '2018-11-15 10:23:59'),
(533, 8, '7288367', '2018-11-13 10:27:09'),
(534, 2, '7289677', '2018-11-13 10:31:43'),
(534, 3, '7289677', '2018-11-13 10:31:43'),
(534, 4, '7289677', '2018-11-13 10:31:43'),
(534, 5, '7289677', '2018-11-13 10:31:43'),
(534, 6, '5747499', '2018-11-15 10:23:30'),
(534, 7, '5747499', '2018-11-15 10:23:31'),
(534, 8, '7289677', '2018-11-13 10:31:43'),
(535, 2, '7289677', '2018-11-13 10:29:20'),
(535, 3, '7289677', '2018-11-13 10:29:20'),
(535, 4, '7289677', '2018-11-13 10:29:20'),
(535, 5, '7289677', '2018-11-13 10:29:20'),
(535, 6, '8531276', '2018-11-15 10:26:04'),
(535, 7, '8531276', '2018-11-15 10:26:04'),
(535, 8, '7289677', '2018-11-13 10:29:20'),
(536, 2, '7288367', '2018-11-13 10:29:06'),
(536, 3, '7288367', '2018-11-13 10:29:06'),
(536, 4, '7288367', '2018-11-13 10:29:06'),
(536, 5, '7288367', '2018-11-13 10:29:06'),
(536, 6, '10915224', '2018-11-15 10:25:06'),
(536, 7, '10915224', '2018-11-15 10:25:06'),
(536, 8, '7288367', '2018-11-13 10:29:06'),
(537, 2, '7288367', '2018-11-13 10:30:45'),
(537, 3, '7288367', '2018-11-13 10:30:45'),
(537, 4, '7288367', '2018-11-13 10:30:45'),
(537, 5, '7288367', '2018-11-13 10:30:45'),
(537, 6, '7371107', '2018-11-15 10:25:31'),
(537, 7, '7371107', '2018-11-15 10:25:31'),
(537, 8, '7288367', '2018-11-13 10:30:45'),
(538, 2, '7289677', '2018-11-13 10:33:47'),
(538, 3, '7289677', '2018-11-13 10:33:47'),
(538, 4, '7289677', '2018-11-13 10:33:47'),
(538, 5, '7392394', '2018-11-16 11:46:57'),
(538, 8, '7289677', '2018-11-13 10:33:47'),
(539, 2, '7289677', '2018-11-13 10:39:46'),
(539, 3, '7289677', '2018-11-13 10:39:46'),
(539, 4, '7289677', '2018-11-13 10:39:46'),
(539, 5, '7324670', '2018-11-14 10:37:31'),
(539, 6, '7368225', '2018-11-16 11:49:43'),
(539, 7, '7368225', '2018-11-16 11:49:43'),
(539, 8, '7289677', '2018-11-13 10:39:46'),
(540, 2, '7288367', '2018-11-13 11:09:49'),
(540, 3, '7288367', '2018-11-13 11:09:49'),
(540, 4, '7288367', '2018-11-13 11:09:49'),
(540, 8, '7288367', '2018-11-13 11:09:49'),
(542, 2, '7288367', '2018-11-13 11:08:43'),
(542, 3, '7288367', '2018-11-13 11:08:43'),
(542, 4, '7288367', '2018-11-13 11:08:43'),
(542, 5, '7324670', '2018-11-14 16:30:10'),
(542, 8, '7288367', '2018-11-13 11:08:43'),
(543, 2, '7288367', '2018-11-13 11:11:05'),
(543, 3, '7288367', '2018-11-13 11:11:05'),
(543, 4, '7288367', '2018-11-13 11:11:05'),
(543, 5, '7324670', '2018-11-15 17:31:48'),
(543, 8, '7288367', '2018-11-13 11:11:05'),
(544, 2, '6717679', '2018-11-13 16:19:59'),
(544, 3, '6717679', '2018-11-13 16:19:59'),
(544, 4, '6717679', '2018-11-13 16:19:59'),
(544, 5, '7288367', '2018-11-15 11:41:30'),
(544, 8, '6717679', '2018-11-13 16:19:59'),
(545, 2, '5747499', '2018-11-13 16:38:23'),
(545, 3, '5747499', '2018-11-13 16:38:23'),
(545, 4, '5747499', '2018-11-13 16:38:23'),
(545, 5, '5747499', '2018-11-13 16:38:23'),
(545, 8, '5747499', '2018-11-13 16:38:23'),
(546, 2, '6717679', '2018-11-13 16:38:42'),
(546, 3, '6717679', '2018-11-13 16:38:42'),
(546, 4, '6717679', '2018-11-13 16:38:42'),
(546, 5, '6717679', '2018-11-13 16:38:42'),
(546, 8, '6717679', '2018-11-13 16:38:42'),
(547, 2, '6717679', '2018-11-13 15:45:24'),
(547, 3, '6717679', '2018-11-13 15:45:24'),
(547, 4, '6717679', '2018-11-13 15:45:24'),
(547, 5, '7422831', '2018-11-16 11:51:34'),
(547, 6, '7422831', '2018-11-16 11:50:13'),
(547, 7, '7422831', '2018-11-16 11:50:13'),
(547, 8, '6717679', '2018-11-13 15:45:24'),
(548, 2, '5747499', '2018-11-13 16:13:58'),
(548, 3, '5747499', '2018-11-13 16:13:58'),
(548, 4, '5747499', '2018-11-13 16:13:58'),
(548, 5, '6717679', '2018-11-13 16:35:11'),
(548, 8, '5747499', '2018-11-13 16:13:58'),
(549, 2, '7288367', '2018-11-15 11:36:46'),
(549, 3, '7288367', '2018-11-15 11:36:46'),
(549, 4, '7288367', '2018-11-15 11:36:46'),
(549, 5, '7288367', '2018-11-15 11:36:46'),
(549, 8, '7288367', '2018-11-15 11:36:46'),
(550, 2, '6717679', '2018-11-13 15:45:58'),
(550, 3, '6717679', '2018-11-13 15:45:58'),
(550, 4, '6717679', '2018-11-13 15:45:58'),
(550, 5, '7371107', '2018-11-15 16:05:11'),
(550, 8, '6717679', '2018-11-13 15:45:58'),
(551, 2, '10915224', '2018-11-15 10:18:30'),
(551, 3, '10915224', '2018-11-15 10:18:30'),
(551, 4, '10915224', '2018-11-15 10:18:31'),
(551, 5, '10915224', '2018-11-15 10:18:31'),
(551, 8, '10915224', '2018-11-15 10:18:31'),
(552, 2, '5747499', '2018-11-13 16:20:30'),
(552, 3, '5747499', '2018-11-13 16:20:30'),
(552, 4, '5747499', '2018-11-13 16:20:30'),
(552, 5, '7288367', '2018-11-15 11:47:02'),
(552, 8, '5747499', '2018-11-13 16:20:30'),
(553, 2, '7281458', '2018-11-14 16:07:12'),
(553, 3, '7281458', '2018-11-14 16:07:13'),
(553, 4, '7281458', '2018-11-14 16:07:14'),
(553, 5, '7281458', '2018-11-14 16:07:16'),
(553, 8, '7281458', '2018-11-14 16:07:16'),
(554, 2, '7288367', '2018-11-15 11:34:08'),
(554, 3, '7288367', '2018-11-15 11:34:08'),
(554, 4, '7288367', '2018-11-15 11:34:08'),
(554, 5, '7288367', '2018-11-15 11:34:08'),
(554, 8, '7288367', '2018-11-15 11:34:08'),
(555, 2, '7392394', '2018-11-13 17:34:00'),
(555, 3, '7392394', '2018-11-13 17:34:00'),
(555, 4, '7392394', '2018-11-13 17:34:00'),
(555, 5, '7392394', '2018-11-13 17:34:00'),
(555, 8, '7392394', '2018-11-13 17:34:00'),
(556, 2, '5747499', '2018-11-13 16:10:56'),
(556, 3, '5747499', '2018-11-13 16:10:56'),
(556, 4, '5747499', '2018-11-13 16:10:56'),
(556, 5, '7288367', '2018-11-15 10:28:44'),
(556, 8, '5747499', '2018-11-13 16:10:56'),
(557, 2, '5747499', '2018-11-13 16:17:59'),
(557, 3, '5747499', '2018-11-13 16:17:59'),
(557, 4, '5747499', '2018-11-13 16:17:59'),
(557, 5, '7368225', '2018-11-16 10:44:49'),
(557, 6, '7368225', '2018-11-16 10:44:49'),
(557, 7, '7368225', '2018-11-16 10:44:49'),
(557, 8, '5747499', '2018-11-13 16:17:59'),
(558, 2, '7392394', '2018-11-13 17:11:10'),
(558, 3, '7392394', '2018-11-13 17:11:10'),
(558, 4, '7392394', '2018-11-13 17:11:10'),
(558, 5, '7392394', '2018-11-13 17:11:10'),
(558, 8, '7392394', '2018-11-13 17:11:10'),
(559, 2, '7288367', '2018-11-15 11:32:39'),
(559, 3, '7288367', '2018-11-15 11:32:39'),
(559, 4, '7288367', '2018-11-15 11:32:39'),
(559, 5, '7288367', '2018-11-15 11:32:39'),
(559, 8, '7288367', '2018-11-15 11:32:39'),
(560, 2, '6717679', '2018-11-13 16:18:07'),
(560, 3, '6717679', '2018-11-13 16:18:07'),
(560, 4, '6717679', '2018-11-13 16:18:07'),
(560, 8, '6717679', '2018-11-13 16:18:07'),
(561, 2, '6717679', '2018-11-13 16:22:16'),
(561, 3, '6717679', '2018-11-13 16:22:16'),
(561, 4, '6717679', '2018-11-13 16:22:16'),
(561, 5, '7324670', '2018-11-14 16:47:37'),
(561, 8, '6717679', '2018-11-13 16:22:16'),
(562, 2, '7288367', '2018-11-15 11:31:20'),
(562, 3, '7288367', '2018-11-15 11:31:20'),
(562, 4, '7288367', '2018-11-15 11:31:20'),
(562, 5, '7288367', '2018-11-15 11:31:20'),
(562, 6, '7289677', '2018-11-15 15:18:32'),
(562, 7, '7289677', '2018-11-15 15:18:32'),
(562, 8, '7288367', '2018-11-15 11:31:21'),
(563, 2, '6717679', '2018-11-13 16:50:22'),
(563, 3, '6717679', '2018-11-13 16:50:22'),
(563, 4, '6717679', '2018-11-13 16:50:22'),
(563, 5, '6717679', '2018-11-13 16:50:22'),
(563, 8, '6717679', '2018-11-13 16:50:22'),
(564, 2, '7324670', '2018-11-14 09:08:25'),
(564, 3, '7324670', '2018-11-14 09:08:25'),
(564, 4, '7324670', '2018-11-14 09:08:25'),
(564, 5, '7324670', '2018-11-14 09:08:25'),
(564, 6, '7374887', '2018-11-16 10:25:31'),
(564, 7, '7374887', '2018-11-16 10:25:31'),
(564, 8, '7324670', '2018-11-14 09:08:25'),
(565, 2, '7324670', '2018-11-14 09:11:39'),
(565, 3, '7324670', '2018-11-14 09:11:39'),
(565, 4, '7324670', '2018-11-14 09:11:39'),
(565, 5, '7324670', '2018-11-14 09:11:39'),
(565, 8, '7324670', '2018-11-14 09:11:39'),
(566, 2, '7324670', '2018-11-14 09:56:51'),
(566, 3, '7324670', '2018-11-14 09:56:51'),
(566, 4, '7324670', '2018-11-14 09:56:51'),
(566, 5, '7324670', '2018-11-14 09:56:51'),
(566, 8, '7324670', '2018-11-14 09:56:51'),
(567, 2, '7324670', '2018-11-14 10:46:53'),
(567, 3, '7324670', '2018-11-14 10:46:53'),
(567, 4, '7324670', '2018-11-14 10:46:53'),
(567, 5, '7324670', '2018-11-14 10:46:53'),
(567, 8, '7324670', '2018-11-14 10:46:53'),
(568, 2, '7324670', '2018-11-14 11:09:46'),
(568, 3, '7324670', '2018-11-14 11:09:46'),
(568, 4, '7324670', '2018-11-14 11:09:46'),
(568, 5, '7324670', '2018-11-14 11:09:46'),
(568, 8, '7324670', '2018-11-14 11:09:46'),
(569, 2, '7324670', '2018-11-14 11:30:15'),
(569, 3, '7324670', '2018-11-14 11:30:15'),
(569, 4, '7324670', '2018-11-14 11:30:15'),
(569, 5, '7324670', '2018-11-14 11:30:15'),
(569, 8, '7324670', '2018-11-14 11:30:15'),
(570, 2, '8531276', '2018-11-14 11:50:54'),
(570, 3, '8531276', '2018-11-14 11:50:55'),
(570, 4, '8531276', '2018-11-14 11:50:55'),
(570, 5, '8531276', '2018-11-14 11:50:55'),
(570, 8, '8531276', '2018-11-14 11:50:55'),
(571, 2, '8531276', '2018-11-14 11:53:23'),
(571, 3, '8531276', '2018-11-14 11:53:23'),
(571, 4, '8531276', '2018-11-14 11:53:23'),
(571, 5, '8531276', '2018-11-14 11:53:23'),
(571, 8, '8531276', '2018-11-14 11:53:23'),
(572, 2, '8531276', '2018-11-14 11:56:16'),
(572, 3, '8531276', '2018-11-14 11:56:16'),
(572, 4, '8531276', '2018-11-14 11:56:16'),
(572, 5, '8531276', '2018-11-14 11:56:16'),
(572, 6, '7371107', '2018-11-16 11:18:05'),
(572, 7, '7371107', '2018-11-16 11:18:05'),
(572, 8, '8531276', '2018-11-14 11:56:16'),
(573, 2, '7324670', '2018-11-14 12:06:22'),
(573, 3, '7324670', '2018-11-14 12:06:22'),
(573, 4, '7324670', '2018-11-14 12:06:22'),
(573, 5, '7324670', '2018-11-14 12:06:22'),
(573, 8, '7324670', '2018-11-14 12:06:22'),
(574, 2, '7281458', '2018-11-14 15:25:41'),
(574, 3, '7281458', '2018-11-14 15:25:41'),
(574, 4, '7281458', '2018-11-14 15:25:41'),
(574, 5, '7281458', '2018-11-14 15:25:41'),
(574, 8, '7281458', '2018-11-14 15:25:41'),
(575, 2, '10915224', '2018-11-15 11:28:04'),
(575, 3, '10915224', '2018-11-15 11:28:04'),
(575, 4, '10915224', '2018-11-15 11:28:04'),
(575, 5, '10915224', '2018-11-15 11:28:04'),
(575, 8, '10915224', '2018-11-15 11:28:04'),
(576, 2, '7324670', '2018-11-14 15:26:22'),
(576, 3, '7324670', '2018-11-14 15:26:22'),
(576, 4, '7324670', '2018-11-14 15:26:22'),
(576, 5, '7324670', '2018-11-14 15:26:22'),
(576, 6, '7422831', '2018-11-16 10:40:38'),
(576, 7, '7422831', '2018-11-16 10:40:38'),
(576, 8, '7324670', '2018-11-14 15:26:22'),
(577, 2, '7324670', '2018-11-14 15:33:06'),
(577, 3, '7324670', '2018-11-14 15:33:06'),
(577, 4, '7324670', '2018-11-14 15:33:06'),
(577, 5, '7324670', '2018-11-14 15:33:06'),
(577, 8, '7324670', '2018-11-14 15:33:06'),
(578, 2, '7324670', '2018-11-14 15:34:32'),
(578, 3, '7324670', '2018-11-14 15:34:32'),
(578, 4, '7324670', '2018-11-14 15:34:32'),
(578, 5, '7324670', '2018-11-14 15:34:32'),
(578, 8, '7324670', '2018-11-14 15:34:32'),
(579, 2, '7324670', '2018-11-14 15:40:31'),
(579, 3, '7324670', '2018-11-14 15:40:31'),
(579, 4, '7324670', '2018-11-14 15:40:31'),
(579, 5, '7324670', '2018-11-14 15:40:31'),
(579, 8, '7324670', '2018-11-14 15:40:31'),
(580, 2, '7324670', '2018-11-14 16:46:36'),
(580, 3, '7324670', '2018-11-14 16:46:36'),
(580, 4, '7324670', '2018-11-14 16:46:36'),
(580, 5, '7324670', '2018-11-14 16:46:36'),
(580, 8, '7324670', '2018-11-14 16:46:36'),
(581, 2, '22222', '2018-11-14 17:07:51'),
(581, 3, '22222', '2018-11-14 17:07:51'),
(581, 4, '22222', '2018-11-14 17:07:51'),
(581, 5, '22222', '2018-11-14 17:07:51'),
(581, 8, '22222', '2018-11-14 17:07:51'),
(582, 2, '7324670', '2018-11-14 17:55:44'),
(582, 3, '7324670', '2018-11-14 17:55:44'),
(582, 4, '7324670', '2018-11-14 17:55:44'),
(582, 5, '7324670', '2018-11-14 17:55:44'),
(582, 6, '7422831', '2018-11-16 12:25:26'),
(582, 7, '7422831', '2018-11-16 12:25:27'),
(582, 8, '7324670', '2018-11-14 17:55:44'),
(583, 2, '7281458', '2018-11-14 17:46:08'),
(583, 3, '7281458', '2018-11-14 17:46:08'),
(583, 4, '7281458', '2018-11-14 17:46:08'),
(583, 5, '7281458', '2018-11-14 17:46:09'),
(583, 8, '7281458', '2018-11-14 17:46:09'),
(584, 2, '10915224', '2018-11-15 10:29:15'),
(584, 3, '10915224', '2018-11-15 10:29:15'),
(584, 4, '10915224', '2018-11-15 10:29:15'),
(584, 5, '10915224', '2018-11-15 10:29:15'),
(584, 8, '10915224', '2018-11-15 10:29:15');

-- --------------------------------------------------------

--
-- Estructura de tabla para la tabla `menu`
--

CREATE TABLE `menu` (
  `idmenu` int(11) NOT NULL,
  `nombre` varchar(100) NOT NULL,
  `icono` varchar(250) NOT NULL,
  `url` varchar(55) NOT NULL
) ENGINE=InnoDB DEFAULT CHARSET=latin1;

--
-- Volcado de datos para la tabla `menu`
--

INSERT INTO `menu` (`idmenu`, `nombre`, `icono`, `url`) VALUES
(1, 'Controlar inscritos', 'fa-home', 'Inscritos'),
(2, 'Realizar inscripcion', 'fa-file', 'inscribir'),
(3, 'Controlar asistencia', 'fa-users', 'asistencia'),
(4, 'Controlar usuario', 'fa-user', 'Usuario'),
(5, 'Arqueo', 'fa-usd', 'Arqueo'),
(6, 'Deudores', 'fa-adn', 'Deudores'),
(7, 'Reporte General', 'fa-file', 'General'),
(8, 'Reporte Diario', 'fa-file-pdf-o', 'Diario'),
(9, 'Acreditación', 'fa-credit-card', 'Acreditacion'),
(10, 'Organizador', 'fa-user', 'Organizador'),
(11, 'Expositor', 'fa-user', 'Expositor'),
(12, 'Imprimir credencial', 'fa-credit-card', 'Credencial'),
(13, 'Linea', 'fa-file-pdf-o', 'Linea'),
(14, 'total inscritos', 'fa fa-user', 'Totalinscritos'),
(15, 'no inscritos', 'fa fa-user', 'Noinscritos');

-- --------------------------------------------------------

--
-- Estructura de tabla para la tabla `monto`
--

CREATE TABLE `monto` (
  `idmonto` int(11) NOT NULL,
  `fecha` datetime NOT NULL DEFAULT CURRENT_TIMESTAMP,
  `ci` varchar(15) NOT NULL,
  `monto` int(11) NOT NULL
) ENGINE=InnoDB DEFAULT CHARSET=latin1;

--
-- Volcado de datos para la tabla `monto`
--

INSERT INTO `monto` (`idmonto`, `fecha`, `ci`, `monto`) VALUES
(1, '2019-04-14 21:44:05', '4079598', 30);

-- --------------------------------------------------------

--
-- Estructura de tabla para la tabla `organizador`
--

CREATE TABLE `organizador` (
  `ci_or` varchar(15) NOT NULL,
  `nombre` varchar(50) NOT NULL,
  `comision` varchar(30) NOT NULL,
  `ci` varchar(15) NOT NULL
) ENGINE=InnoDB DEFAULT CHARSET=latin1;

-- --------------------------------------------------------

--
-- Estructura de tabla para la tabla `personal`
--

CREATE TABLE `personal` (
  `ci` varchar(15) NOT NULL,
  `nombre` varchar(150) NOT NULL,
  `celular` varchar(55) NOT NULL
) ENGINE=InnoDB DEFAULT CHARSET=latin1;

--
-- Volcado de datos para la tabla `personal`
--

INSERT INTO `personal` (`ci`, `nombre`, `celular`) VALUES
('1010', 'Ing. Urena Merida Gregorio Fernando', 'sn'),
('4079598', 'Sherly Ramirez', '69602042'),
('7336199', 'Adimer Paul Chambi Ajata', '69603027');

-- --------------------------------------------------------

--
-- Estructura de tabla para la tabla `tipomenu`
--

CREATE TABLE `tipomenu` (
  `tipo` varchar(15) NOT NULL,
  `idmenu` int(11) NOT NULL
) ENGINE=InnoDB DEFAULT CHARSET=latin1;

--
-- Volcado de datos para la tabla `tipomenu`
--

INSERT INTO `tipomenu` (`tipo`, `idmenu`) VALUES
('ACREDITADOR', 9),
('ACREDITADOR', 10),
('ACREDITADOR', 11),
('ACREDITADOR', 12),
('ACREDITADOR', 13),
('ADMIN', 1),
('ADMIN', 4),
('ADMIN', 14),
('ADMIN', 15),
('ESTUDIANTE', 2),
('ESTUDIANTE', 5),
('ESTUDIANTE', 7),
('ESTUDIANTE', 8);

-- --------------------------------------------------------

--
-- Estructura de tabla para la tabla `usuario`
--

CREATE TABLE `usuario` (
  `ci` varchar(15) NOT NULL,
  `user` varchar(35) NOT NULL,
  `password` varchar(35) NOT NULL,
  `tipo` varchar(15) NOT NULL
) ENGINE=InnoDB DEFAULT CHARSET=latin1;

--
-- Volcado de datos para la tabla `usuario`
--

INSERT INTO `usuario` (`ci`, `user`, `password`, `tipo`) VALUES
('1010', 'urena', '123456', 'ADMIN'),
('4079598', 'sramirez', '123456', 'ESTUDIANTE'),
('7336199', 'adimer', '123456', 'ADMIN');

--
-- Índices para tablas volcadas
--

--
-- Indices de la tabla `asistencia`
--
ALTER TABLE `asistencia`
  ADD PRIMARY KEY (`idestudiante`,`dia`);

--
-- Indices de la tabla `dia`
--
ALTER TABLE `dia`
  ADD PRIMARY KEY (`iddia`);

--
-- Indices de la tabla `estudiante`
--
ALTER TABLE `estudiante`
  ADD PRIMARY KEY (`ciestudiante`);

--
-- Indices de la tabla `expositor`
--
ALTER TABLE `expositor`
  ADD PRIMARY KEY (`id_ex`),
  ADD KEY `ci` (`ci`);

--
-- Indices de la tabla `inscripcion`
--
ALTER TABLE `inscripcion`
  ADD PRIMARY KEY (`idinscripcion`),
  ADD KEY `ci` (`ci`),
  ADD KEY `ciestudiante` (`ciestudiante`);

--
-- Indices de la tabla `material`
--
ALTER TABLE `material`
  ADD PRIMARY KEY (`idmaterial`);

--
-- Indices de la tabla `materialinscripcion`
--
ALTER TABLE `materialinscripcion`
  ADD PRIMARY KEY (`idinscripcion`,`idmaterial`),
  ADD KEY `idmaterial` (`idmaterial`),
  ADD KEY `ci` (`ci`);

--
-- Indices de la tabla `menu`
--
ALTER TABLE `menu`
  ADD PRIMARY KEY (`idmenu`);

--
-- Indices de la tabla `monto`
--
ALTER TABLE `monto`
  ADD PRIMARY KEY (`idmonto`),
  ADD KEY `ci` (`ci`);

--
-- Indices de la tabla `organizador`
--
ALTER TABLE `organizador`
  ADD PRIMARY KEY (`ci_or`),
  ADD KEY `ci` (`ci`);

--
-- Indices de la tabla `personal`
--
ALTER TABLE `personal`
  ADD PRIMARY KEY (`ci`);

--
-- Indices de la tabla `tipomenu`
--
ALTER TABLE `tipomenu`
  ADD PRIMARY KEY (`tipo`,`idmenu`),
  ADD KEY `idmenu` (`idmenu`);

--
-- Indices de la tabla `usuario`
--
ALTER TABLE `usuario`
  ADD PRIMARY KEY (`ci`),
  ADD KEY `tipo` (`tipo`);

--
-- AUTO_INCREMENT de las tablas volcadas
--

--
-- AUTO_INCREMENT de la tabla `dia`
--
ALTER TABLE `dia`
  MODIFY `iddia` int(11) NOT NULL AUTO_INCREMENT, AUTO_INCREMENT=15;

--
-- AUTO_INCREMENT de la tabla `expositor`
--
ALTER TABLE `expositor`
  MODIFY `id_ex` int(11) NOT NULL AUTO_INCREMENT;

--
-- AUTO_INCREMENT de la tabla `inscripcion`
--
ALTER TABLE `inscripcion`
  MODIFY `idinscripcion` int(11) NOT NULL AUTO_INCREMENT;

--
-- AUTO_INCREMENT de la tabla `material`
--
ALTER TABLE `material`
  MODIFY `idmaterial` int(11) NOT NULL AUTO_INCREMENT, AUTO_INCREMENT=9;

--
-- AUTO_INCREMENT de la tabla `menu`
--
ALTER TABLE `menu`
  MODIFY `idmenu` int(11) NOT NULL AUTO_INCREMENT, AUTO_INCREMENT=16;

--
-- AUTO_INCREMENT de la tabla `monto`
--
ALTER TABLE `monto`
  MODIFY `idmonto` int(11) NOT NULL AUTO_INCREMENT, AUTO_INCREMENT=2;

--
-- Restricciones para tablas volcadas
--

--
-- Filtros para la tabla `asistencia`
--
ALTER TABLE `asistencia`
  ADD CONSTRAINT `asistencia_ibfk_1` FOREIGN KEY (`idestudiante`) REFERENCES `inscripcion` (`ciestudiante`) ON DELETE CASCADE ON UPDATE CASCADE;

--
-- Filtros para la tabla `expositor`
--
ALTER TABLE `expositor`
  ADD CONSTRAINT `expositor_ibfk_1` FOREIGN KEY (`ci`) REFERENCES `usuario` (`ci`);

--
-- Filtros para la tabla `inscripcion`
--
ALTER TABLE `inscripcion`
  ADD CONSTRAINT `inscripcion_ibfk_2` FOREIGN KEY (`ciestudiante`) REFERENCES `estudiante` (`ciestudiante`) ON DELETE CASCADE ON UPDATE CASCADE,
  ADD CONSTRAINT `inscripcion_ibfk_3` FOREIGN KEY (`ci`) REFERENCES `personal` (`ci`) ON DELETE NO ACTION ON UPDATE NO ACTION;

--
-- Filtros para la tabla `monto`
--
ALTER TABLE `monto`
  ADD CONSTRAINT `monto_ibfk_1` FOREIGN KEY (`ci`) REFERENCES `usuario` (`ci`) ON DELETE NO ACTION ON UPDATE NO ACTION;

--
-- Filtros para la tabla `organizador`
--
ALTER TABLE `organizador`
  ADD CONSTRAINT `organizador_ibfk_1` FOREIGN KEY (`ci`) REFERENCES `usuario` (`ci`);

--
-- Filtros para la tabla `tipomenu`
--
ALTER TABLE `tipomenu`
  ADD CONSTRAINT `tipomenu_ibfk_1` FOREIGN KEY (`idmenu`) REFERENCES `menu` (`idmenu`) ON DELETE CASCADE ON UPDATE CASCADE;

--
-- Filtros para la tabla `usuario`
--
ALTER TABLE `usuario`
  ADD CONSTRAINT `usuario_ibfk_1` FOREIGN KEY (`ci`) REFERENCES `personal` (`ci`) ON DELETE CASCADE ON UPDATE CASCADE;
COMMIT;

/*!40101 SET CHARACTER_SET_CLIENT=@OLD_CHARACTER_SET_CLIENT */;
/*!40101 SET CHARACTER_SET_RESULTS=@OLD_CHARACTER_SET_RESULTS */;
/*!40101 SET COLLATION_CONNECTION=@OLD_COLLATION_CONNECTION */;
